Discipline	Season	Year	Event	Gender	Results	Prompt
Swimming	Summer	1988	4 x 100 metres Freestyle Relay	Men	Gold: USA, Silver: URS, Bronze: GDR	Who won the medals in the Men's Swimming 4 x 100 metres Freestyle Relay event at the 1988 olympic games?
Swimming	Summer	1988	4 x 100 metres Freestyle Relay	Women	Gold: GDR, Silver: NED, Bronze: USA	Who won the medals in the Women's Swimming 4 x 100 metres Freestyle Relay event at the 1988 olympic games?
Swimming	Summer	1988	4 x 100 metres Medley Relay	Men	Gold: USA, Silver: CAN, Bronze: URS	Who won the medals in the Men's Swimming 4 x 100 metres Medley Relay event at the 1988 olympic games?
Swimming	Summer	1988	4 x 100 metres Medley Relay	Women	Gold: GDR, Silver: USA, Bronze: CAN	Who won the medals in the Women's Swimming 4 x 100 metres Medley Relay event at the 1988 olympic games?
Athletics	Summer	1988	4 x 100 metres Relay	Men	Gold: URS, Silver: GBR, Bronze: FRA	Who won the medals in the Men's Athletics 4 x 100 metres Relay event at the 1988 olympic games?
Athletics	Summer	1988	4 x 100 metres Relay	Women	Gold: USA, Silver: GDR, Bronze: URS	Who won the medals in the Women's Athletics 4 x 100 metres Relay event at the 1988 olympic games?
Athletics	Summer	1988	4 x 400 metres Relay	Men	Gold: USA, Silver: JAM, Bronze: FRG	Who won the medals in the Men's Athletics 4 x 400 metres Relay event at the 1988 olympic games?
Athletics	Summer	1988	4 x 400 metres Relay	Women	Gold: URS, Silver: USA, Bronze: GDR	Who won the medals in the Women's Athletics 4 x 400 metres Relay event at the 1988 olympic games?
Basketball	Summer	1988	Basketball	Men	Gold: URS, Silver: YUG, Bronze: USA	Who won the medals in the Men's Basketball event at the 1988 olympic games?
Basketball	Summer	1988	Basketball	Women	Gold: USA, Silver: YUG, Bronze: URS	Who won the medals in the Women's Basketball event at the 1988 olympic games?
Rowing	Summer	1988	Coxed Eights	Men	Gold: FRG, Silver: URS, Bronze: USA	Who won the medals in the Men's Rowing Coxed Eights event at the 1988 olympic games?
Rowing	Summer	1988	Coxed Eights	Women	Gold: GDR, Silver: ROU, Bronze: CHN	Who won the medals in the Women's Rowing Coxed Eights event at the 1988 olympic games?
Rowing	Summer	1988	Coxed Fours	Men	Gold: GDR, Silver: ROU, Bronze: NZL	Who won the medals in the Men's Rowing Coxed Fours event at the 1988 olympic games?
Rowing	Summer	1988	Coxed Fours	Women	Gold: GDR, Silver: CHN, Bronze: ROU	Who won the medals in the Women's Rowing Coxed Fours event at the 1988 olympic games?
Field Hockey	Summer	1988	Field Hockey	Men	Gold: GBR, Silver: FRG, Bronze: NED	Who won the medals in the Men's Field Hockey event at the 1988 olympic games?
Field Hockey	Summer	1988	Field Hockey	Women	Gold: AUS, Silver: KOR, Bronze: NED	Who won the medals in the Women's Field Hockey event at the 1988 olympic games?
Fencing	Summer	1988	Foil, Team	Men	Gold: URS, Silver: FRG, Bronze: HUN	Who won the medals in the Men's Fencing Foil, Team event at the 1988 olympic games?
Fencing	Summer	1988	Foil, Team	Women	Gold: FRG, Silver: ITA, Bronze: HUN	Who won the medals in the Women's Fencing Foil, Team event at the 1988 olympic games?
Handball	Summer	1988	Handball	Men	Gold: URS, Silver: KOR, Bronze: YUG	Who won the medals in the Men's Handball event at the 1988 olympic games?
Handball	Summer	1988	Handball	Women	Gold: KOR, Silver: NOR, Bronze: URS	Who won the medals in the Women's Handball event at the 1988 olympic games?
Indoor Volleyball	Summer	1988	Indoor Volleyball	Men	Gold: USA, Silver: URS, Bronze: ARG	Who won the medals in the Men's Indoor Volleyball event at the 1988 olympic games?
Indoor Volleyball	Summer	1988	Indoor Volleyball	Women	Gold: URS, Silver: PER, Bronze: CHN	Who won the medals in the Women's Indoor Volleyball event at the 1988 olympic games?
Rowing	Summer	1988	Quadruple Sculls	Men	Gold: ITA, Silver: NOR, Bronze: GDR	Who won the medals in the Men's Rowing Quadruple Sculls event at the 1988 olympic games?
Rowing	Summer	1988	Quadruple Sculls	Women	Gold: GDR, Silver: URS, Bronze: ROU	Who won the medals in the Women's Rowing Quadruple Sculls event at the 1988 olympic games?
Archery	Summer	1988	Team	Men	Gold: KOR, Silver: USA, Bronze: GBR	Who won the medals in the Men's Archery Team event at the 1988 olympic games?
Archery	Summer	1988	Team	Women	Gold: KOR, Silver: INA, Bronze: USA	Who won the medals in the Women's Archery Team event at the 1988 olympic games?
Artistic Gymnastics	Summer	1988	Team All-Around	Men	Gold: URS, Silver: GDR, Bronze: JPN	Who won the medals in the Men's Artistic Gymnastics Team All-Around event at the 1988 olympic games?
Artistic Gymnastics	Summer	1988	Team All-Around	Women	Gold: URS, Silver: ROU, Bronze: GDR	Who won the medals in the Women's Artistic Gymnastics Team All-Around event at the 1988 olympic games?
Swimming	Summer	1992	4 x 100 metres Freestyle Relay	Men	Gold: USA, Silver: EUN, Bronze: GER	Who won the medals in the Men's Swimming 4 x 100 metres Freestyle Relay event at the 1992 olympic games?
Swimming	Summer	1992	4 x 100 metres Freestyle Relay	Women	Gold: USA, Silver: CHN, Bronze: GER	Who won the medals in the Women's Swimming 4 x 100 metres Freestyle Relay event at the 1992 olympic games?
Swimming	Summer	1992	4 x 100 metres Medley Relay	Men	Gold: USA, Silver: EUN, Bronze: CAN	Who won the medals in the Men's Swimming 4 x 100 metres Medley Relay event at the 1992 olympic games?
Swimming	Summer	1992	4 x 100 metres Medley Relay	Women	Gold: USA, Silver: GER, Bronze: EUN	Who won the medals in the Women's Swimming 4 x 100 metres Medley Relay event at the 1992 olympic games?
Athletics	Summer	1992	4 x 100 metres Relay	Men	Gold: USA, Silver: NGR, Bronze: CUB	Who won the medals in the Men's Athletics 4 x 100 metres Relay event at the 1992 olympic games?
Athletics	Summer	1992	4 x 100 metres Relay	Women	Gold: USA, Silver: EUN, Bronze: NGR	Who won the medals in the Women's Athletics 4 x 100 metres Relay event at the 1992 olympic games?
Athletics	Summer	1992	4 x 400 metres Relay	Men	Gold: USA, Silver: CUB, Bronze: GBR	Who won the medals in the Men's Athletics 4 x 400 metres Relay event at the 1992 olympic games?
Athletics	Summer	1992	4 x 400 metres Relay	Women	Gold: EUN, Silver: USA, Bronze: GBR	Who won the medals in the Women's Athletics 4 x 400 metres Relay event at the 1992 olympic games?
Basketball	Summer	1992	Basketball	Men	Gold: USA, Silver: CRO, Bronze: LTU	Who won the medals in the Men's Basketball event at the 1992 olympic games?
Basketball	Summer	1992	Basketball	Women	Gold: EUN, Silver: CHN, Bronze: USA	Who won the medals in the Women's Basketball event at the 1992 olympic games?
Rowing	Summer	1992	Coxed Eights	Men	Gold: CAN, Silver: ROU, Bronze: GER	Who won the medals in the Men's Rowing Coxed Eights event at the 1992 olympic games?
Rowing	Summer	1992	Coxed Eights	Women	Gold: CAN, Silver: ROU, Bronze: GER	Who won the medals in the Women's Rowing Coxed Eights event at the 1992 olympic games?
Rowing	Summer	1992	Coxless Fours	Men	Gold: AUS, Silver: USA, Bronze: SLO	Who won the medals in the Men's Rowing Coxless Fours event at the 1992 olympic games?
Rowing	Summer	1992	Coxless Fours	Women	Gold: CAN, Silver: USA, Bronze: GER	Who won the medals in the Women's Rowing Coxless Fours event at the 1992 olympic games?
Field Hockey	Summer	1992	Field Hockey	Men	Gold: GER, Silver: AUS, Bronze: PAK	Who won the medals in the Men's Field Hockey event at the 1992 olympic games?
Field Hockey	Summer	1992	Field Hockey	Women	Gold: ESP, Silver: GER, Bronze: GBR	Who won the medals in the Women's Field Hockey event at the 1992 olympic games?
Fencing	Summer	1992	Foil, Team	Men	Gold: GER, Silver: CUB, Bronze: POL	Who won the medals in the Men's Fencing Foil, Team event at the 1992 olympic games?
Fencing	Summer	1992	Foil, Team	Women	Gold: ITA, Silver: GER, Bronze: ROU	Who won the medals in the Women's Fencing Foil, Team event at the 1992 olympic games?
Handball	Summer	1992	Handball	Men	Gold: EUN, Silver: SWE, Bronze: FRA	Who won the medals in the Men's Handball event at the 1992 olympic games?
Handball	Summer	1992	Handball	Women	Gold: KOR, Silver: NOR, Bronze: EUN	Who won the medals in the Women's Handball event at the 1992 olympic games?
Indoor Volleyball	Summer	1992	Indoor Volleyball	Men	Gold: BRA, Silver: NED, Bronze: USA	Who won the medals in the Men's Indoor Volleyball event at the 1992 olympic games?
Indoor Volleyball	Summer	1992	Indoor Volleyball	Women	Gold: CUB, Silver: EUN, Bronze: USA	Who won the medals in the Women's Indoor Volleyball event at the 1992 olympic games?
Rowing	Summer	1992	Quadruple Sculls	Men	Gold: GER, Silver: NOR, Bronze: ITA	Who won the medals in the Men's Rowing Quadruple Sculls event at the 1992 olympic games?
Rowing	Summer	1992	Quadruple Sculls	Women	Gold: GER, Silver: ROU, Bronze: EUN	Who won the medals in the Women's Rowing Quadruple Sculls event at the 1992 olympic games?
Archery	Summer	1992	Team	Men	Gold: ESP, Silver: FIN, Bronze: GBR	Who won the medals in the Men's Archery Team event at the 1992 olympic games?
Archery	Summer	1992	Team	Women	Gold: KOR, Silver: CHN, Bronze: EUN	Who won the medals in the Women's Archery Team event at the 1992 olympic games?
Artistic Gymnastics	Summer	1992	Team All-Around	Men	Gold: EUN, Silver: CHN, Bronze: JPN	Who won the medals in the Men's Artistic Gymnastics Team All-Around event at the 1992 olympic games?
Artistic Gymnastics	Summer	1992	Team All-Around	Women	Gold: EUN, Silver: ROU, Bronze: USA	Who won the medals in the Women's Artistic Gymnastics Team All-Around event at the 1992 olympic games?
Biathlon	Winter	1994	4 x 7.5 kilometres Relay	Men	Gold: GER, Silver: RUS, Bronze: FRA	Who won the medals in the Men's Biathlon 4 x 7.5 kilometres Relay event at the 1994 olympic games?
Biathlon	Winter	1994	4 x 7.5 kilometres Relay	Women	Gold: RUS, Silver: GER, Bronze: FRA	Who won the medals in the Women's Biathlon 4 x 7.5 kilometres Relay event at the 1994 olympic games?
Swimming	Summer	1996	4 x 100 metres Freestyle Relay	Men	Gold: USA, Silver: RUS, Bronze: GER	Who won the medals in the Men's Swimming 4 x 100 metres Freestyle Relay event at the 1996 olympic games?
Swimming	Summer	1996	4 x 100 metres Freestyle Relay	Women	Gold: USA, Silver: CHN, Bronze: GER	Who won the medals in the Women's Swimming 4 x 100 metres Freestyle Relay event at the 1996 olympic games?
Swimming	Summer	1996	4 x 100 metres Medley Relay	Men	Gold: USA, Silver: RUS, Bronze: AUS	Who won the medals in the Men's Swimming 4 x 100 metres Medley Relay event at the 1996 olympic games?
Swimming	Summer	1996	4 x 100 metres Medley Relay	Women	Gold: USA, Silver: AUS, Bronze: CHN	Who won the medals in the Women's Swimming 4 x 100 metres Medley Relay event at the 1996 olympic games?
Athletics	Summer	1996	4 x 100 metres Relay	Men	Gold: CAN, Silver: USA, Bronze: BRA	Who won the medals in the Men's Athletics 4 x 100 metres Relay event at the 1996 olympic games?
Athletics	Summer	1996	4 x 100 metres Relay	Women	Gold: USA, Silver: BAH, Bronze: JAM	Who won the medals in the Women's Athletics 4 x 100 metres Relay event at the 1996 olympic games?
Swimming	Summer	1996	4 x 200 metres Freestyle Relay	Men	Gold: USA, Silver: SWE, Bronze: GER	Who won the medals in the Men's Swimming 4 x 200 metres Freestyle Relay event at the 1996 olympic games?
Swimming	Summer	1996	4 x 200 metres Freestyle Relay	Women	Gold: USA, Silver: GER, Bronze: AUS	Who won the medals in the Women's Swimming 4 x 200 metres Freestyle Relay event at the 1996 olympic games?
Athletics	Summer	1996	4 x 400 metres Relay	Men	Gold: USA, Silver: GBR, Bronze: JAM	Who won the medals in the Men's Athletics 4 x 400 metres Relay event at the 1996 olympic games?
Athletics	Summer	1996	4 x 400 metres Relay	Women	Gold: USA, Silver: NGR, Bronze: GER	Who won the medals in the Women's Athletics 4 x 400 metres Relay event at the 1996 olympic games?
Basketball	Summer	1996	Basketball	Men	Gold: USA, Silver: SCG, Bronze: LTU	Who won the medals in the Men's Basketball event at the 1996 olympic games?
Basketball	Summer	1996	Basketball	Women	Gold: USA, Silver: BRA, Bronze: AUS	Who won the medals in the Women's Basketball event at the 1996 olympic games?
Rowing	Summer	1996	Coxed Eights	Men	Gold: NED, Silver: GER, Bronze: RUS	Who won the medals in the Men's Rowing Coxed Eights event at the 1996 olympic games?
Rowing	Summer	1996	Coxed Eights	Women	Gold: ROU, Silver: CAN, Bronze: BLR	Who won the medals in the Women's Rowing Coxed Eights event at the 1996 olympic games?
Field Hockey	Summer	1996	Field Hockey	Men	Gold: NED, Silver: ESP, Bronze: AUS	Who won the medals in the Men's Field Hockey event at the 1996 olympic games?
Field Hockey	Summer	1996	Field Hockey	Women	Gold: AUS, Silver: KOR, Bronze: NED	Who won the medals in the Women's Field Hockey event at the 1996 olympic games?
Fencing	Summer	1996	Foil, Team	Men	Gold: RUS, Silver: POL, Bronze: CUB	Who won the medals in the Men's Fencing Foil, Team event at the 1996 olympic games?
Fencing	Summer	1996	Foil, Team	Women	Gold: ITA, Silver: ROU, Bronze: GER	Who won the medals in the Women's Fencing Foil, Team event at the 1996 olympic games?
Football	Summer	1996	Football	Men	Gold: NGR, Silver: ARG, Bronze: BRA	Who won the medals in the Men's Football event at the 1996 olympic games?
Football	Summer	1996	Football	Women	Gold: USA, Silver: CHN, Bronze: NOR	Who won the medals in the Women's Football event at the 1996 olympic games?
Handball	Summer	1996	Handball	Men	Gold: CRO, Silver: SWE, Bronze: ESP	Who won the medals in the Men's Handball event at the 1996 olympic games?
Handball	Summer	1996	Handball	Women	Gold: DEN, Silver: KOR, Bronze: HUN	Who won the medals in the Women's Handball event at the 1996 olympic games?
Indoor Volleyball	Summer	1996	Indoor Volleyball	Men	Gold: NED, Silver: ITA, Bronze: SCG	Who won the medals in the Men's Indoor Volleyball event at the 1996 olympic games?
Indoor Volleyball	Summer	1996	Indoor Volleyball	Women	Gold: CUB, Silver: CHN, Bronze: BRA	Who won the medals in the Women's Indoor Volleyball event at the 1996 olympic games?
Rowing	Summer	1996	Quadruple Sculls	Men	Gold: GER, Silver: USA, Bronze: AUS	Who won the medals in the Men's Rowing Quadruple Sculls event at the 1996 olympic games?
Rowing	Summer	1996	Quadruple Sculls	Women	Gold: GER, Silver: UKR, Bronze: CAN	Who won the medals in the Women's Rowing Quadruple Sculls event at the 1996 olympic games?
Archery	Summer	1996	Team	Men	Gold: USA, Silver: KOR, Bronze: ITA	Who won the medals in the Men's Archery Team event at the 1996 olympic games?
Archery	Summer	1996	Team	Women	Gold: KOR, Silver: GER, Bronze: POL	Who won the medals in the Women's Archery Team event at the 1996 olympic games?
Artistic Gymnastics	Summer	1996	Team All-Around	Men	Gold: RUS, Silver: CHN, Bronze: UKR	Who won the medals in the Men's Artistic Gymnastics Team All-Around event at the 1996 olympic games?
Artistic Gymnastics	Summer	1996	Team All-Around	Women	Gold: USA, Silver: RUS, Bronze: ROU	Who won the medals in the Women's Artistic Gymnastics Team All-Around event at the 1996 olympic games?
Fencing	Summer	1996	Épée, Team	Men	Gold: ITA, Silver: RUS, Bronze: FRA	Who won the medals in the Men's Fencing Épée, Team event at the 1996 olympic games?
Fencing	Summer	1996	Épée, Team	Women	Gold: FRA, Silver: ITA, Bronze: RUS	Who won the medals in the Women's Fencing Épée, Team event at the 1996 olympic games?
Biathlon	Winter	1998	4 x 7.5 kilometres Relay	Men	Gold: GER, Silver: NOR, Bronze: RUS	Who won the medals in the Men's Biathlon 4 x 7.5 kilometres Relay event at the 1998 olympic games?
Biathlon	Winter	1998	4 x 7.5 kilometres Relay	Women	Gold: GER, Silver: RUS, Bronze: NOR	Who won the medals in the Women's Biathlon 4 x 7.5 kilometres Relay event at the 1998 olympic games?
Curling	Winter	1998	Curling	Men	Gold: SUI, Silver: CAN, Bronze: NOR	Who won the medals in the Men's Curling event at the 1998 olympic games?
Curling	Winter	1998	Curling	Women	Gold: CAN, Silver: DEN, Bronze: SWE	Who won the medals in the Women's Curling event at the 1998 olympic games?
Ice Hockey	Winter	1998	Ice Hockey	Men	Gold: CZE, Silver: RUS, Bronze: FIN	Who won the medals in the Men's Ice Hockey event at the 1998 olympic games?
Ice Hockey	Winter	1998	Ice Hockey	Women	Gold: USA, Silver: CAN, Bronze: FIN	Who won the medals in the Women's Ice Hockey event at the 1998 olympic games?
Swimming	Summer	2000	4 x 100 metres Freestyle Relay	Men	Gold: AUS, Silver: USA, Bronze: BRA	Who won the medals in the Men's Swimming 4 x 100 metres Freestyle Relay event at the 2000 olympic games?
Swimming	Summer	2000	4 x 100 metres Freestyle Relay	Women	Gold: USA, Silver: NED, Bronze: SWE	Who won the medals in the Women's Swimming 4 x 100 metres Freestyle Relay event at the 2000 olympic games?
Swimming	Summer	2000	4 x 100 metres Medley Relay	Men	Gold: USA, Silver: AUS, Bronze: GER	Who won the medals in the Men's Swimming 4 x 100 metres Medley Relay event at the 2000 olympic games?
Swimming	Summer	2000	4 x 100 metres Medley Relay	Women	Gold: USA, Silver: AUS, Bronze: JPN	Who won the medals in the Women's Swimming 4 x 100 metres Medley Relay event at the 2000 olympic games?
Athletics	Summer	2000	4 x 100 metres Relay	Men	Gold: USA, Silver: BRA, Bronze: CUB	Who won the medals in the Men's Athletics 4 x 100 metres Relay event at the 2000 olympic games?
Athletics	Summer	2000	4 x 100 metres Relay	Women	Gold: BAH, Silver: JAM, Bronze: USA	Who won the medals in the Women's Athletics 4 x 100 metres Relay event at the 2000 olympic games?
Swimming	Summer	2000	4 x 200 metres Freestyle Relay	Men	Gold: AUS, Silver: USA, Bronze: NED	Who won the medals in the Men's Swimming 4 x 200 metres Freestyle Relay event at the 2000 olympic games?
Swimming	Summer	2000	4 x 200 metres Freestyle Relay	Women	Gold: USA, Silver: AUS, Bronze: GER	Who won the medals in the Women's Swimming 4 x 200 metres Freestyle Relay event at the 2000 olympic games?
Athletics	Summer	2000	4 x 400 metres Relay	Men	Gold: NGR, Silver: JAM, Bronze: BAH	Who won the medals in the Men's Athletics 4 x 400 metres Relay event at the 2000 olympic games?
Athletics	Summer	2000	4 x 400 metres Relay	Women	Gold: USA, Silver: JAM, Bronze: RUS	Who won the medals in the Women's Athletics 4 x 400 metres Relay event at the 2000 olympic games?
Basketball	Summer	2000	Basketball	Men	Gold: USA, Silver: FRA, Bronze: LTU	Who won the medals in the Men's Basketball event at the 2000 olympic games?
Basketball	Summer	2000	Basketball	Women	Gold: USA, Silver: AUS, Bronze: BRA	Who won the medals in the Women's Basketball event at the 2000 olympic games?
Rowing	Summer	2000	Coxed Eights	Men	Gold: GBR, Silver: AUS, Bronze: CRO	Who won the medals in the Men's Rowing Coxed Eights event at the 2000 olympic games?
Rowing	Summer	2000	Coxed Eights	Women	Gold: ROU, Silver: NED, Bronze: CAN	Who won the medals in the Women's Rowing Coxed Eights event at the 2000 olympic games?
Field Hockey	Summer	2000	Field Hockey	Men	Gold: NED, Silver: KOR, Bronze: AUS	Who won the medals in the Men's Field Hockey event at the 2000 olympic games?
Field Hockey	Summer	2000	Field Hockey	Women	Gold: AUS, Silver: ARG, Bronze: NED	Who won the medals in the Women's Field Hockey event at the 2000 olympic games?
Fencing	Summer	2000	Foil, Team	Men	Gold: FRA, Silver: CHN, Bronze: ITA	Who won the medals in the Men's Fencing Foil, Team event at the 2000 olympic games?
Fencing	Summer	2000	Foil, Team	Women	Gold: ITA, Silver: POL, Bronze: GER	Who won the medals in the Women's Fencing Foil, Team event at the 2000 olympic games?
Football	Summer	2000	Football	Men	Gold: CMR, Silver: ESP, Bronze: CHI	Who won the medals in the Men's Football event at the 2000 olympic games?
Football	Summer	2000	Football	Women	Gold: NOR, Silver: USA, Bronze: GER	Who won the medals in the Women's Football event at the 2000 olympic games?
Handball	Summer	2000	Handball	Men	Gold: RUS, Silver: SWE, Bronze: ESP	Who won the medals in the Men's Handball event at the 2000 olympic games?
Handball	Summer	2000	Handball	Women	Gold: DEN, Silver: HUN, Bronze: NOR	Who won the medals in the Women's Handball event at the 2000 olympic games?
Indoor Volleyball	Summer	2000	Indoor Volleyball	Men	Gold: SCG, Silver: RUS, Bronze: ITA	Who won the medals in the Men's Indoor Volleyball event at the 2000 olympic games?
Indoor Volleyball	Summer	2000	Indoor Volleyball	Women	Gold: CUB, Silver: RUS, Bronze: BRA	Who won the medals in the Women's Indoor Volleyball event at the 2000 olympic games?
Rowing	Summer	2000	Quadruple Sculls	Men	Gold: ITA, Silver: NED, Bronze: GER	Who won the medals in the Men's Rowing Quadruple Sculls event at the 2000 olympic games?
Rowing	Summer	2000	Quadruple Sculls	Women	Gold: GER, Silver: GBR, Bronze: RUS	Who won the medals in the Women's Rowing Quadruple Sculls event at the 2000 olympic games?
Archery	Summer	2000	Team	Men	Gold: KOR, Silver: ITA, Bronze: USA	Who won the medals in the Men's Archery Team event at the 2000 olympic games?
Archery	Summer	2000	Team	Women	Gold: KOR, Silver: UKR, Bronze: GER	Who won the medals in the Women's Archery Team event at the 2000 olympic games?
Artistic Gymnastics	Summer	2000	Team All-Around	Men	Gold: CHN, Silver: UKR, Bronze: RUS	Who won the medals in the Men's Artistic Gymnastics Team All-Around event at the 2000 olympic games?
Artistic Gymnastics	Summer	2000	Team All-Around	Women	Gold: ROU, Silver: RUS, Bronze: USA	Who won the medals in the Women's Artistic Gymnastics Team All-Around event at the 2000 olympic games?
Water Polo	Summer	2000	Water Polo	Men	Gold: HUN, Silver: RUS, Bronze: SCG	Who won the medals in the Men's Water Polo event at the 2000 olympic games?
Water Polo	Summer	2000	Water Polo	Women	Gold: AUS, Silver: USA, Bronze: RUS	Who won the medals in the Women's Water Polo event at the 2000 olympic games?
Fencing	Summer	2000	Épée, Team	Men	Gold: ITA, Silver: FRA, Bronze: CUB	Who won the medals in the Men's Fencing Épée, Team event at the 2000 olympic games?
Fencing	Summer	2000	Épée, Team	Women	Gold: RUS, Silver: SUI, Bronze: CHN	Who won the medals in the Women's Fencing Épée, Team event at the 2000 olympic games?
Biathlon	Winter	2002	4 x 7.5 kilometres Relay	Men	Gold: NOR, Silver: GER, Bronze: FRA	Who won the medals in the Men's Biathlon 4 x 7.5 kilometres Relay event at the 2002 olympic games?
Biathlon	Winter	2002	4 x 7.5 kilometres Relay	Women	Gold: GER, Silver: NOR, Bronze: RUS	Who won the medals in the Women's Biathlon 4 x 7.5 kilometres Relay event at the 2002 olympic games?
Curling	Winter	2002	Curling	Men	Gold: NOR, Silver: CAN, Bronze: SUI	Who won the medals in the Men's Curling event at the 2002 olympic games?
Curling	Winter	2002	Curling	Women	Gold: GBR, Silver: SUI, Bronze: CAN	Who won the medals in the Women's Curling event at the 2002 olympic games?
Ice Hockey	Winter	2002	Ice Hockey	Men	Gold: CAN, Silver: USA, Bronze: RUS	Who won the medals in the Men's Ice Hockey event at the 2002 olympic games?
Ice Hockey	Winter	2002	Ice Hockey	Women	Gold: CAN, Silver: USA, Bronze: SWE	Who won the medals in the Women's Ice Hockey event at the 2002 olympic games?
Swimming	Summer	2004	4 x 100 metres Freestyle Relay	Men	Gold: RSA, Silver: NED, Bronze: USA	Who won the medals in the Men's Swimming 4 x 100 metres Freestyle Relay event at the 2004 olympic games?
Swimming	Summer	2004	4 x 100 metres Freestyle Relay	Women	Gold: AUS, Silver: USA, Bronze: NED	Who won the medals in the Women's Swimming 4 x 100 metres Freestyle Relay event at the 2004 olympic games?
Swimming	Summer	2004	4 x 100 metres Medley Relay	Men	Gold: USA, Silver: GER, Bronze: JPN	Who won the medals in the Men's Swimming 4 x 100 metres Medley Relay event at the 2004 olympic games?
Swimming	Summer	2004	4 x 100 metres Medley Relay	Women	Gold: AUS, Silver: USA, Bronze: GER	Who won the medals in the Women's Swimming 4 x 100 metres Medley Relay event at the 2004 olympic games?
Athletics	Summer	2004	4 x 100 metres Relay	Men	Gold: GBR, Silver: USA, Bronze: NGR	Who won the medals in the Men's Athletics 4 x 100 metres Relay event at the 2004 olympic games?
Athletics	Summer	2004	4 x 100 metres Relay	Women	Gold: JAM, Silver: RUS, Bronze: FRA	Who won the medals in the Women's Athletics 4 x 100 metres Relay event at the 2004 olympic games?
Swimming	Summer	2004	4 x 200 metres Freestyle Relay	Men	Gold: USA, Silver: AUS, Bronze: ITA	Who won the medals in the Men's Swimming 4 x 200 metres Freestyle Relay event at the 2004 olympic games?
Swimming	Summer	2004	4 x 200 metres Freestyle Relay	Women	Gold: USA, Silver: CHN, Bronze: GER	Who won the medals in the Women's Swimming 4 x 200 metres Freestyle Relay event at the 2004 olympic games?
Athletics	Summer	2004	4 x 400 metres Relay	Men	Gold: USA, Silver: AUS, Bronze: NGR	Who won the medals in the Men's Athletics 4 x 400 metres Relay event at the 2004 olympic games?
Athletics	Summer	2004	4 x 400 metres Relay	Women	Gold: USA, Silver: RUS, Bronze: JAM	Who won the medals in the Women's Athletics 4 x 400 metres Relay event at the 2004 olympic games?
Basketball	Summer	2004	Basketball	Men	Gold: ARG, Silver: ITA, Bronze: USA	Who won the medals in the Men's Basketball event at the 2004 olympic games?
Basketball	Summer	2004	Basketball	Women	Gold: USA, Silver: AUS, Bronze: RUS	Who won the medals in the Women's Basketball event at the 2004 olympic games?
Rowing	Summer	2004	Coxed Eights	Men	Gold: USA, Silver: NED, Bronze: AUS	Who won the medals in the Men's Rowing Coxed Eights event at the 2004 olympic games?
Rowing	Summer	2004	Coxed Eights	Women	Gold: ROU, Silver: USA, Bronze: NED	Who won the medals in the Women's Rowing Coxed Eights event at the 2004 olympic games?
Field Hockey	Summer	2004	Field Hockey	Men	Gold: AUS, Silver: NED, Bronze: GER	Who won the medals in the Men's Field Hockey event at the 2004 olympic games?
Field Hockey	Summer	2004	Field Hockey	Women	Gold: GER, Silver: NED, Bronze: ARG	Who won the medals in the Women's Field Hockey event at the 2004 olympic games?
Football	Summer	2004	Football	Men	Gold: ARG, Silver: PAR, Bronze: ITA	Who won the medals in the Men's Football event at the 2004 olympic games?
Football	Summer	2004	Football	Women	Gold: USA, Silver: BRA, Bronze: GER	Who won the medals in the Women's Football event at the 2004 olympic games?
Handball	Summer	2004	Handball	Men	Gold: CRO, Silver: GER, Bronze: RUS	Who won the medals in the Men's Handball event at the 2004 olympic games?
Handball	Summer	2004	Handball	Women	Gold: DEN, Silver: KOR, Bronze: UKR	Who won the medals in the Women's Handball event at the 2004 olympic games?
Indoor Volleyball	Summer	2004	Indoor Volleyball	Men	Gold: BRA, Silver: ITA, Bronze: RUS	Who won the medals in the Men's Indoor Volleyball event at the 2004 olympic games?
Indoor Volleyball	Summer	2004	Indoor Volleyball	Women	Gold: CHN, Silver: RUS, Bronze: CUB	Who won the medals in the Women's Indoor Volleyball event at the 2004 olympic games?
Rowing	Summer	2004	Quadruple Sculls	Men	Gold: RUS, Silver: CZE, Bronze: UKR	Who won the medals in the Men's Rowing Quadruple Sculls event at the 2004 olympic games?
Rowing	Summer	2004	Quadruple Sculls	Women	Gold: GER, Silver: GBR, Bronze: AUS	Who won the medals in the Women's Rowing Quadruple Sculls event at the 2004 olympic games?
Archery	Summer	2004	Team	Men	Gold: KOR, Silver: TPE, Bronze: UKR	Who won the medals in the Men's Archery Team event at the 2004 olympic games?
Archery	Summer	2004	Team	Women	Gold: KOR, Silver: CHN, Bronze: TPE	Who won the medals in the Women's Archery Team event at the 2004 olympic games?
Artistic Gymnastics	Summer	2004	Team All-Around	Men	Gold: JPN, Silver: USA, Bronze: ROU	Who won the medals in the Men's Artistic Gymnastics Team All-Around event at the 2004 olympic games?
Artistic Gymnastics	Summer	2004	Team All-Around	Women	Gold: ROU, Silver: USA, Bronze: RUS	Who won the medals in the Women's Artistic Gymnastics Team All-Around event at the 2004 olympic games?
Water Polo	Summer	2004	Water Polo	Men	Gold: HUN, Silver: SCG, Bronze: RUS	Who won the medals in the Men's Water Polo event at the 2004 olympic games?
Water Polo	Summer	2004	Water Polo	Women	Gold: ITA, Silver: GRE, Bronze: USA	Who won the medals in the Women's Water Polo event at the 2004 olympic games?
Fencing	Summer	2004	Épée, Team	Men	Gold: FRA, Silver: HUN, Bronze: GER	Who won the medals in the Men's Fencing Épée, Team event at the 2004 olympic games?
Fencing	Summer	2004	Épée, Team	Women	Gold: RUS, Silver: GER, Bronze: FRA	Who won the medals in the Women's Fencing Épée, Team event at the 2004 olympic games?
Curling	Winter	2006	Curling	Men	Gold: CAN, Silver: FIN, Bronze: USA	Who won the medals in the Men's Curling event at the 2006 olympic games?
Curling	Winter	2006	Curling	Women	Gold: SWE, Silver: SUI, Bronze: CAN	Who won the medals in the Women's Curling event at the 2006 olympic games?
Ice Hockey	Winter	2006	Ice Hockey	Men	Gold: SWE, Silver: FIN, Bronze: CZE	Who won the medals in the Men's Ice Hockey event at the 2006 olympic games?
Ice Hockey	Winter	2006	Ice Hockey	Women	Gold: CAN, Silver: SWE, Bronze: USA	Who won the medals in the Women's Ice Hockey event at the 2006 olympic games?
Swimming	Summer	2008	4 x 100 metres Freestyle Relay	Men	Gold: USA, Silver: FRA, Bronze: AUS	Who won the medals in the Men's Swimming 4 x 100 metres Freestyle Relay event at the 2008 olympic games?
Swimming	Summer	2008	4 x 100 metres Freestyle Relay	Women	Gold: NED, Silver: USA, Bronze: AUS	Who won the medals in the Women's Swimming 4 x 100 metres Freestyle Relay event at the 2008 olympic games?
Swimming	Summer	2008	4 x 100 metres Medley Relay	Men	Gold: USA, Silver: AUS, Bronze: JPN	Who won the medals in the Men's Swimming 4 x 100 metres Medley Relay event at the 2008 olympic games?
Swimming	Summer	2008	4 x 100 metres Medley Relay	Women	Gold: AUS, Silver: USA, Bronze: CHN	Who won the medals in the Women's Swimming 4 x 100 metres Medley Relay event at the 2008 olympic games?
Athletics	Summer	2008	4 x 100 metres Relay	Men	Gold: TTO, Silver: JPN, Bronze: BRA	Who won the medals in the Men's Athletics 4 x 100 metres Relay event at the 2008 olympic games?
Athletics	Summer	2008	4 x 100 metres Relay	Women	Gold: BEL, Silver: NGR, Bronze: BRA	Who won the medals in the Women's Athletics 4 x 100 metres Relay event at the 2008 olympic games?
Swimming	Summer	2008	4 x 200 metres Freestyle Relay	Men	Gold: USA, Silver: RUS, Bronze: AUS	Who won the medals in the Men's Swimming 4 x 200 metres Freestyle Relay event at the 2008 olympic games?
Swimming	Summer	2008	4 x 200 metres Freestyle Relay	Women	Gold: AUS, Silver: CHN, Bronze: USA	Who won the medals in the Women's Swimming 4 x 200 metres Freestyle Relay event at the 2008 olympic games?
Athletics	Summer	2008	4 x 400 metres Relay	Men	Gold: USA, Silver: BAH, Bronze: GBR	Who won the medals in the Men's Athletics 4 x 400 metres Relay event at the 2008 olympic games?
Athletics	Summer	2008	4 x 400 metres Relay	Women	Gold: USA, Silver: JAM, Bronze: GBR	Who won the medals in the Women's Athletics 4 x 400 metres Relay event at the 2008 olympic games?
Basketball	Summer	2008	Basketball	Men	Gold: USA, Silver: ESP, Bronze: ARG	Who won the medals in the Men's Basketball event at the 2008 olympic games?
Basketball	Summer	2008	Basketball	Women	Gold: USA, Silver: AUS, Bronze: RUS	Who won the medals in the Women's Basketball event at the 2008 olympic games?
Rowing	Summer	2008	Coxed Eights	Men	Gold: CAN, Silver: GBR, Bronze: USA	Who won the medals in the Men's Rowing Coxed Eights event at the 2008 olympic games?
Rowing	Summer	2008	Coxed Eights	Women	Gold: USA, Silver: NED, Bronze: ROU	Who won the medals in the Women's Rowing Coxed Eights event at the 2008 olympic games?
Field Hockey	Summer	2008	Field Hockey	Men	Gold: GER, Silver: ESP, Bronze: AUS	Who won the medals in the Men's Field Hockey event at the 2008 olympic games?
Field Hockey	Summer	2008	Field Hockey	Women	Gold: NED, Silver: CHN, Bronze: ARG	Who won the medals in the Women's Field Hockey event at the 2008 olympic games?
Football	Summer	2008	Football	Men	Gold: ARG, Silver: NGR, Bronze: BRA	Who won the medals in the Men's Football event at the 2008 olympic games?
Football	Summer	2008	Football	Women	Gold: USA, Silver: BRA, Bronze: GER	Who won the medals in the Women's Football event at the 2008 olympic games?
Handball	Summer	2008	Handball	Men	Gold: FRA, Silver: ISL, Bronze: ESP	Who won the medals in the Men's Handball event at the 2008 olympic games?
Handball	Summer	2008	Handball	Women	Gold: NOR, Silver: RUS, Bronze: KOR	Who won the medals in the Women's Handball event at the 2008 olympic games?
Indoor Volleyball	Summer	2008	Indoor Volleyball	Men	Gold: USA, Silver: BRA, Bronze: RUS	Who won the medals in the Men's Indoor Volleyball event at the 2008 olympic games?
Indoor Volleyball	Summer	2008	Indoor Volleyball	Women	Gold: BRA, Silver: USA, Bronze: CHN	Who won the medals in the Women's Indoor Volleyball event at the 2008 olympic games?
Rowing	Summer	2008	Quadruple Sculls	Men	Gold: POL, Silver: ITA, Bronze: FRA	Who won the medals in the Men's Rowing Quadruple Sculls event at the 2008 olympic games?
Rowing	Summer	2008	Quadruple Sculls	Women	Gold: CHN, Silver: GBR, Bronze: GER	Who won the medals in the Women's Rowing Quadruple Sculls event at the 2008 olympic games?
Fencing	Summer	2008	Sabre, Team	Men	Gold: FRA, Silver: USA, Bronze: ITA	Who won the medals in the Men's Fencing Sabre, Team event at the 2008 olympic games?
Fencing	Summer	2008	Sabre, Team	Women	Gold: UKR, Silver: CHN, Bronze: USA	Who won the medals in the Women's Fencing Sabre, Team event at the 2008 olympic games?
Archery	Summer	2008	Team	Men	Gold: KOR, Silver: ITA, Bronze: CHN	Who won the medals in the Men's Archery Team event at the 2008 olympic games?
Archery	Summer	2008	Team	Women	Gold: KOR, Silver: CHN, Bronze: FRA	Who won the medals in the Women's Archery Team event at the 2008 olympic games?
Table Tennis	Summer	2008	Team	Men	Gold: CHN, Silver: GER, Bronze: KOR	Who won the medals in the Men's Table Tennis Team event at the 2008 olympic games?
Table Tennis	Summer	2008	Team	Women	Gold: CHN, Silver: SGP, Bronze: KOR	Who won the medals in the Women's Table Tennis Team event at the 2008 olympic games?
Artistic Gymnastics	Summer	2008	Team All-Around	Men	Gold: CHN, Silver: JPN, Bronze: USA	Who won the medals in the Men's Artistic Gymnastics Team All-Around event at the 2008 olympic games?
Artistic Gymnastics	Summer	2008	Team All-Around	Women	Gold: CHN, Silver: USA, Bronze: ROU	Who won the medals in the Women's Artistic Gymnastics Team All-Around event at the 2008 olympic games?
Water Polo	Summer	2008	Water Polo	Men	Gold: HUN, Silver: USA, Bronze: SRB	Who won the medals in the Men's Water Polo event at the 2008 olympic games?
Water Polo	Summer	2008	Water Polo	Women	Gold: NED, Silver: USA, Bronze: AUS	Who won the medals in the Women's Water Polo event at the 2008 olympic games?
Curling	Winter	2010	Curling	Men	Gold: CAN, Silver: NOR, Bronze: SUI	Who won the medals in the Men's Curling event at the 2010 olympic games?
Curling	Winter	2010	Curling	Women	Gold: SWE, Silver: CAN, Bronze: CHN	Who won the medals in the Women's Curling event at the 2010 olympic games?
Ice Hockey	Winter	2010	Ice Hockey	Men	Gold: CAN, Silver: USA, Bronze: FIN	Who won the medals in the Men's Ice Hockey event at the 2010 olympic games?
Ice Hockey	Winter	2010	Ice Hockey	Women	Gold: CAN, Silver: USA, Bronze: FIN	Who won the medals in the Women's Ice Hockey event at the 2010 olympic games?
Swimming	Summer	2012	4 x 100 metres Freestyle Relay	Men	Gold: FRA, Silver: USA, Bronze: RUS	Who won the medals in the Men's Swimming 4 x 100 metres Freestyle Relay event at the 2012 olympic games?
Swimming	Summer	2012	4 x 100 metres Freestyle Relay	Women	Gold: AUS, Silver: NED, Bronze: USA	Who won the medals in the Women's Swimming 4 x 100 metres Freestyle Relay event at the 2012 olympic games?
Swimming	Summer	2012	4 x 100 metres Medley Relay	Men	Gold: USA, Silver: JPN, Bronze: AUS	Who won the medals in the Men's Swimming 4 x 100 metres Medley Relay event at the 2012 olympic games?
Swimming	Summer	2012	4 x 100 metres Medley Relay	Women	Gold: USA, Silver: AUS, Bronze: JPN	Who won the medals in the Women's Swimming 4 x 100 metres Medley Relay event at the 2012 olympic games?
Athletics	Summer	2012	4 x 100 metres Relay	Men	Gold: JAM, Silver: TTO, Bronze: FRA	Who won the medals in the Men's Athletics 4 x 100 metres Relay event at the 2012 olympic games?
Athletics	Summer	2012	4 x 100 metres Relay	Women	Gold: USA, Silver: JAM, Bronze: UKR	Who won the medals in the Women's Athletics 4 x 100 metres Relay event at the 2012 olympic games?
Swimming	Summer	2012	4 x 200 metres Freestyle Relay	Men	Gold: USA, Silver: FRA, Bronze: CHN	Who won the medals in the Men's Swimming 4 x 200 metres Freestyle Relay event at the 2012 olympic games?
Swimming	Summer	2012	4 x 200 metres Freestyle Relay	Women	Gold: USA, Silver: AUS, Bronze: FRA	Who won the medals in the Women's Swimming 4 x 200 metres Freestyle Relay event at the 2012 olympic games?
Athletics	Summer	2012	4 x 400 metres Relay	Men	Gold: BAH, Silver: USA, Bronze: TTO	Who won the medals in the Men's Athletics 4 x 400 metres Relay event at the 2012 olympic games?
Athletics	Summer	2012	4 x 400 metres Relay	Women	Gold: USA, Silver: JAM, Bronze: UKR	Who won the medals in the Women's Athletics 4 x 400 metres Relay event at the 2012 olympic games?
Basketball	Summer	2012	Basketball	Men	Gold: USA, Silver: ESP, Bronze: RUS	Who won the medals in the Men's Basketball event at the 2012 olympic games?
Basketball	Summer	2012	Basketball	Women	Gold: USA, Silver: FRA, Bronze: AUS	Who won the medals in the Women's Basketball event at the 2012 olympic games?
Rowing	Summer	2012	Coxed Eights	Men	Gold: GER, Silver: CAN, Bronze: GBR	Who won the medals in the Men's Rowing Coxed Eights event at the 2012 olympic games?
Rowing	Summer	2012	Coxed Eights	Women	Gold: USA, Silver: CAN, Bronze: NED	Who won the medals in the Women's Rowing Coxed Eights event at the 2012 olympic games?
Field Hockey	Summer	2012	Field Hockey	Men	Gold: GER, Silver: NED, Bronze: AUS	Who won the medals in the Men's Field Hockey event at the 2012 olympic games?
Field Hockey	Summer	2012	Field Hockey	Women	Gold: NED, Silver: ARG, Bronze: GBR	Who won the medals in the Women's Field Hockey event at the 2012 olympic games?
Fencing	Summer	2012	Foil, Team	Men	Gold: ITA, Silver: JPN, Bronze: GER	Who won the medals in the Men's Fencing Foil, Team event at the 2012 olympic games?
Fencing	Summer	2012	Foil, Team	Women	Gold: ITA, Silver: RUS, Bronze: KOR	Who won the medals in the Women's Fencing Foil, Team event at the 2012 olympic games?
Football	Summer	2012	Football	Men	Gold: MEX, Silver: BRA, Bronze: KOR	Who won the medals in the Men's Football event at the 2012 olympic games?
Football	Summer	2012	Football	Women	Gold: USA, Silver: JPN, Bronze: CAN	Who won the medals in the Women's Football event at the 2012 olympic games?
Handball	Summer	2012	Handball	Men	Gold: FRA, Silver: SWE, Bronze: CRO	Who won the medals in the Men's Handball event at the 2012 olympic games?
Handball	Summer	2012	Handball	Women	Gold: NOR, Silver: MNE, Bronze: ESP	Who won the medals in the Women's Handball event at the 2012 olympic games?
Indoor Volleyball	Summer	2012	Indoor Volleyball	Men	Gold: RUS, Silver: BRA, Bronze: ITA	Who won the medals in the Men's Indoor Volleyball event at the 2012 olympic games?
Indoor Volleyball	Summer	2012	Indoor Volleyball	Women	Gold: BRA, Silver: USA, Bronze: JPN	Who won the medals in the Women's Indoor Volleyball event at the 2012 olympic games?
Rowing	Summer	2012	Quadruple Sculls	Men	Gold: GER, Silver: CRO, Bronze: AUS	Who won the medals in the Men's Rowing Quadruple Sculls event at the 2012 olympic games?
Rowing	Summer	2012	Quadruple Sculls	Women	Gold: UKR, Silver: GER, Bronze: USA	Who won the medals in the Women's Rowing Quadruple Sculls event at the 2012 olympic games?
Archery	Summer	2012	Team	Men	Gold: ITA, Silver: USA, Bronze: KOR	Who won the medals in the Men's Archery Team event at the 2012 olympic games?
Archery	Summer	2012	Team	Women	Gold: KOR, Silver: CHN, Bronze: JPN	Who won the medals in the Women's Archery Team event at the 2012 olympic games?
Table Tennis	Summer	2012	Team	Men	Gold: CHN, Silver: KOR, Bronze: GER	Who won the medals in the Men's Table Tennis Team event at the 2012 olympic games?
Table Tennis	Summer	2012	Team	Women	Gold: CHN, Silver: JPN, Bronze: SGP	Who won the medals in the Women's Table Tennis Team event at the 2012 olympic games?
Artistic Gymnastics	Summer	2012	Team All-Around	Men	Gold: CHN, Silver: JPN, Bronze: GBR	Who won the medals in the Men's Artistic Gymnastics Team All-Around event at the 2012 olympic games?
Artistic Gymnastics	Summer	2012	Team All-Around	Women	Gold: USA, Silver: RUS, Bronze: ROU	Who won the medals in the Women's Artistic Gymnastics Team All-Around event at the 2012 olympic games?
Water Polo	Summer	2012	Water Polo	Men	Gold: CRO, Silver: ITA, Bronze: SRB	Who won the medals in the Men's Water Polo event at the 2012 olympic games?
Water Polo	Summer	2012	Water Polo	Women	Gold: USA, Silver: ESP, Bronze: AUS	Who won the medals in the Women's Water Polo event at the 2012 olympic games?
Curling	Winter	2014	Curling	Men	Gold: CAN, Silver: GBR, Bronze: SWE	Who won the medals in the Men's Curling event at the 2014 olympic games?
Curling	Winter	2014	Curling	Women	Gold: CAN, Silver: SWE, Bronze: GBR	Who won the medals in the Women's Curling event at the 2014 olympic games?
Ice Hockey	Winter	2014	Ice Hockey	Men	Gold: CAN, Silver: SWE, Bronze: FIN	Who won the medals in the Men's Ice Hockey event at the 2014 olympic games?
Ice Hockey	Winter	2014	Ice Hockey	Women	Gold: CAN, Silver: USA, Bronze: SUI	Who won the medals in the Women's Ice Hockey event at the 2014 olympic games?
Swimming	Summer	2016	4 x 100 metres Freestyle Relay	Men	Gold: USA, Silver: FRA, Bronze: AUS	Who won the medals in the Men's Swimming 4 x 100 metres Freestyle Relay event at the 2016 olympic games?
Swimming	Summer	2016	4 x 100 metres Freestyle Relay	Women	Gold: AUS, Silver: USA, Bronze: CAN	Who won the medals in the Women's Swimming 4 x 100 metres Freestyle Relay event at the 2016 olympic games?
Swimming	Summer	2016	4 x 100 metres Medley Relay	Men	Gold: USA, Silver: GBR, Bronze: AUS	Who won the medals in the Men's Swimming 4 x 100 metres Medley Relay event at the 2016 olympic games?
Swimming	Summer	2016	4 x 100 metres Medley Relay	Women	Gold: USA, Silver: AUS, Bronze: DEN	Who won the medals in the Women's Swimming 4 x 100 metres Medley Relay event at the 2016 olympic games?
Athletics	Summer	2016	4 x 100 metres Relay	Men	Gold: JAM, Silver: JPN, Bronze: CAN	Who won the medals in the Men's Athletics 4 x 100 metres Relay event at the 2016 olympic games?
Athletics	Summer	2016	4 x 100 metres Relay	Women	Gold: USA, Silver: JAM, Bronze: GBR	Who won the medals in the Women's Athletics 4 x 100 metres Relay event at the 2016 olympic games?
Swimming	Summer	2016	4 x 200 metres Freestyle Relay	Men	Gold: USA, Silver: GBR, Bronze: JPN	Who won the medals in the Men's Swimming 4 x 200 metres Freestyle Relay event at the 2016 olympic games?
Swimming	Summer	2016	4 x 200 metres Freestyle Relay	Women	Gold: USA, Silver: AUS, Bronze: CAN	Who won the medals in the Women's Swimming 4 x 200 metres Freestyle Relay event at the 2016 olympic games?
Athletics	Summer	2016	4 x 400 metres Relay	Men	Gold: USA, Silver: JAM, Bronze: BAH	Who won the medals in the Men's Athletics 4 x 400 metres Relay event at the 2016 olympic games?
Athletics	Summer	2016	4 x 400 metres Relay	Women	Gold: USA, Silver: JAM, Bronze: GBR	Who won the medals in the Women's Athletics 4 x 400 metres Relay event at the 2016 olympic games?
Basketball	Summer	2016	Basketball	Men	Gold: USA, Silver: SRB, Bronze: ESP	Who won the medals in the Men's Basketball event at the 2016 olympic games?
Basketball	Summer	2016	Basketball	Women	Gold: USA, Silver: ESP, Bronze: SRB	Who won the medals in the Women's Basketball event at the 2016 olympic games?
Rowing	Summer	2016	Coxed Eights	Men	Gold: GBR, Silver: GER, Bronze: NED	Who won the medals in the Men's Rowing Coxed Eights event at the 2016 olympic games?
Rowing	Summer	2016	Coxed Eights	Women	Gold: USA, Silver: GBR, Bronze: ROU	Who won the medals in the Women's Rowing Coxed Eights event at the 2016 olympic games?
Field Hockey	Summer	2016	Field Hockey	Men	Gold: ARG, Silver: BEL, Bronze: GER	Who won the medals in the Men's Field Hockey event at the 2016 olympic games?
Field Hockey	Summer	2016	Field Hockey	Women	Gold: GBR, Silver: NED, Bronze: GER	Who won the medals in the Women's Field Hockey event at the 2016 olympic games?
Football	Summer	2016	Football	Men	Gold: BRA, Silver: GER, Bronze: NGR	Who won the medals in the Men's Football event at the 2016 olympic games?
Football	Summer	2016	Football	Women	Gold: GER, Silver: SWE, Bronze: CAN	Who won the medals in the Women's Football event at the 2016 olympic games?
Handball	Summer	2016	Handball	Men	Gold: DEN, Silver: FRA, Bronze: GER	Who won the medals in the Men's Handball event at the 2016 olympic games?
Handball	Summer	2016	Handball	Women	Gold: RUS, Silver: FRA, Bronze: NOR	Who won the medals in the Women's Handball event at the 2016 olympic games?
Indoor Volleyball	Summer	2016	Indoor Volleyball	Men	Gold: BRA, Silver: ITA, Bronze: USA	Who won the medals in the Men's Indoor Volleyball event at the 2016 olympic games?
Indoor Volleyball	Summer	2016	Indoor Volleyball	Women	Gold: CHN, Silver: SRB, Bronze: USA	Who won the medals in the Women's Indoor Volleyball event at the 2016 olympic games?
Rowing	Summer	2016	Quadruple Sculls	Men	Gold: GER, Silver: AUS, Bronze: EST	Who won the medals in the Men's Rowing Quadruple Sculls event at the 2016 olympic games?
Rowing	Summer	2016	Quadruple Sculls	Women	Gold: GER, Silver: NED, Bronze: POL	Who won the medals in the Women's Rowing Quadruple Sculls event at the 2016 olympic games?
Rugby	Summer	2016	Rugby Sevens	Men	Gold: FIJ, Silver: GBR, Bronze: RSA	Who won the medals in the Men's Rugby Rugby Sevens event at the 2016 olympic games?
Rugby	Summer	2016	Rugby Sevens	Women	Gold: AUS, Silver: NZL, Bronze: CAN	Who won the medals in the Women's Rugby Rugby Sevens event at the 2016 olympic games?
Archery	Summer	2016	Team	Men	Gold: KOR, Silver: USA, Bronze: AUS	Who won the medals in the Men's Archery Team event at the 2016 olympic games?
Archery	Summer	2016	Team	Women	Gold: KOR, Silver: RUS, Bronze: TPE	Who won the medals in the Women's Archery Team event at the 2016 olympic games?
Table Tennis	Summer	2016	Team	Men	Gold: CHN, Silver: JPN, Bronze: GER	Who won the medals in the Men's Table Tennis Team event at the 2016 olympic games?
Table Tennis	Summer	2016	Team	Women	Gold: CHN, Silver: GER, Bronze: JPN	Who won the medals in the Women's Table Tennis Team event at the 2016 olympic games?
Artistic Gymnastics	Summer	2016	Team All-Around	Men	Gold: JPN, Silver: RUS, Bronze: CHN	Who won the medals in the Men's Artistic Gymnastics Team All-Around event at the 2016 olympic games?
Artistic Gymnastics	Summer	2016	Team All-Around	Women	Gold: USA, Silver: RUS, Bronze: CHN	Who won the medals in the Women's Artistic Gymnastics Team All-Around event at the 2016 olympic games?
Cycling Track	Summer	2016	Team Pursuit, 4,000 metres	Men	Gold: GBR, Silver: AUS, Bronze: DEN	Who won the medals in the Men's Cycling Track Team Pursuit, 4,000 metres event at the 2016 olympic games?
Cycling Track	Summer	2016	Team Pursuit, 4,000 metres	Women	Gold: GBR, Silver: USA, Bronze: CAN	Who won the medals in the Women's Cycling Track Team Pursuit, 4,000 metres event at the 2016 olympic games?
Water Polo	Summer	2016	Water Polo	Men	Gold: SRB, Silver: CRO, Bronze: ITA	Who won the medals in the Men's Water Polo event at the 2016 olympic games?
Water Polo	Summer	2016	Water Polo	Women	Gold: USA, Silver: ITA, Bronze: RUS	Who won the medals in the Women's Water Polo event at the 2016 olympic games?
Fencing	Summer	2016	Épée, Team	Men	Gold: FRA, Silver: ITA, Bronze: HUN	Who won the medals in the Men's Fencing Épée, Team event at the 2016 olympic games?
Fencing	Summer	2016	Épée, Team	Women	Gold: ROU, Silver: CHN, Bronze: RUS	Who won the medals in the Women's Fencing Épée, Team event at the 2016 olympic games?
Curling	Winter	2018	Curling	Men	Gold: USA, Silver: SWE, Bronze: SUI	Who won the medals in the Men's Curling event at the 2018 olympic games?
Curling	Winter	2018	Curling	Women	Gold: SWE, Silver: KOR, Bronze: JPN	Who won the medals in the Women's Curling event at the 2018 olympic games?
Ice Hockey	Winter	2018	Ice Hockey	Men	Gold: OAR, Silver: GER, Bronze: CAN	Who won the medals in the Men's Ice Hockey event at the 2018 olympic games?
Ice Hockey	Winter	2018	Ice Hockey	Women	Gold: USA, Silver: CAN, Bronze: FIN	Who won the medals in the Women's Ice Hockey event at the 2018 olympic games?
3x3 Basketball	Summer	2020		Men	Gold: LAT, Silver: ROC, Bronze: SRB	Who won the medals in the Men's 3x3 Basketball event at the 2020 olympic games?
3x3 Basketball	Summer	2020		Women	Gold: USA, Silver: ROC, Bronze: CHN	Who won the medals in the Women's 3x3 Basketball event at the 2020 olympic games?
Basketball	Summer	2020		Men	Gold: USA, Silver: FRA, Bronze: AUS	Who won the medals in the Men's Basketball event at the 2020 olympic games?
Basketball	Summer	2020		Women	Gold: USA, Silver: JPN, Bronze: FRA	Who won the medals in the Women's Basketball event at the 2020 olympic games?
Field Hockey	Summer	2020		Men	Gold: BEL, Silver: AUS, Bronze: IND	Who won the medals in the Men's Field Hockey event at the 2020 olympic games?
Field Hockey	Summer	2020		Women	Gold: NED, Silver: ARG, Bronze: GBR	Who won the medals in the Women's Field Hockey event at the 2020 olympic games?
Football	Summer	2020		Men	Gold: BRA, Silver: ESP, Bronze: MEX	Who won the medals in the Men's Football event at the 2020 olympic games?
Football	Summer	2020		Women	Gold: CAN, Silver: SWE, Bronze: USA	Who won the medals in the Women's Football event at the 2020 olympic games?
Handball	Summer	2020		Men	Gold: FRA, Silver: DEN, Bronze: ESP	Who won the medals in the Men's Handball event at the 2020 olympic games?
Handball	Summer	2020		Women	Gold: FRA, Silver: ROC, Bronze: NOR	Who won the medals in the Women's Handball event at the 2020 olympic games?
Indoor Volleyball	Summer	2020		Men	Gold: FRA, Silver: ROC, Bronze: ARG	Who won the medals in the Men's Indoor Volleyball event at the 2020 olympic games?
Indoor Volleyball	Summer	2020		Women	Gold: USA, Silver: BRA, Bronze: SRB	Who won the medals in the Women's Indoor Volleyball event at the 2020 olympic games?
Rugby Sevens	Summer	2020		Men	Gold: FIJ, Silver: NZL, Bronze: ARG	Who won the medals in the Men's Rugby Sevens event at the 2020 olympic games?
Rugby Sevens	Summer	2020		Women	Gold: NZL, Silver: FRA, Bronze: FIJ	Who won the medals in the Women's Rugby Sevens event at the 2020 olympic games?
Water Polo	Summer	2020		Men	Gold: SRB, Silver: GRE, Bronze: HUN	Who won the medals in the Men's Water Polo event at the 2020 olympic games?
Water Polo	Summer	2020		Women	Gold: USA, Silver: ESP, Bronze: HUN	Who won the medals in the Women's Water Polo event at the 2020 olympic games?
Swimming	Summer	2020	4 x 100m Freestyle Relay	Men	Gold: USA, Silver: ITA, Bronze: AUS	Who won the medals in the Men's Swimming 4 x 100m Freestyle Relay event at the 2020 olympic games?
Swimming	Summer	2020	4 x 100m Freestyle Relay	Women	Gold: AUS, Silver: CAN, Bronze: USA	Who won the medals in the Women's Swimming 4 x 100m Freestyle Relay event at the 2020 olympic games?
Swimming	Summer	2020	4 x 100m Medley Relay	Men	Gold: USA, Silver: GBR, Bronze: ITA	Who won the medals in the Men's Swimming 4 x 100m Medley Relay event at the 2020 olympic games?
Swimming	Summer	2020	4 x 100m Medley Relay	Women	Gold: AUS, Silver: USA, Bronze: CAN	Who won the medals in the Women's Swimming 4 x 100m Medley Relay event at the 2020 olympic games?
Athletics	Summer	2020	4 x 100m Relay	Men	Gold: ITA, Silver: CAN, Bronze: CHN	Who won the medals in the Men's Athletics 4 x 100m Relay event at the 2020 olympic games?
Athletics	Summer	2020	4 x 100m Relay	Women	Gold: JAM, Silver: USA, Bronze: GBR	Who won the medals in the Women's Athletics 4 x 100m Relay event at the 2020 olympic games?
Swimming	Summer	2020	4 x 200m Freestyle Relay	Men	Gold: GBR, Silver: ROC, Bronze: AUS	Who won the medals in the Men's Swimming 4 x 200m Freestyle Relay event at the 2020 olympic games?
Swimming	Summer	2020	4 x 200m Freestyle Relay	Women	Gold: CHN, Silver: USA, Bronze: AUS	Who won the medals in the Women's Swimming 4 x 200m Freestyle Relay event at the 2020 olympic games?
Athletics	Summer	2020	4 x 400m Relay	Men	Gold: USA, Silver: NED, Bronze: BOT	Who won the medals in the Men's Athletics 4 x 400m Relay event at the 2020 olympic games?
Athletics	Summer	2020	4 x 400m Relay	Women	Gold: USA, Silver: POL, Bronze: JAM	Who won the medals in the Women's Athletics 4 x 400m Relay event at the 2020 olympic games?
Rowing	Summer	2020	Eight	Men	Gold: NZL, Silver: GER, Bronze: GBR	Who won the medals in the Men's Rowing Eight event at the 2020 olympic games?
Rowing	Summer	2020	Eight	Women	Gold: CAN, Silver: NZL, Bronze: CHN	Who won the medals in the Women's Rowing Eight event at the 2020 olympic games?
Fencing	Summer	2020	Epée Team	Men	Gold: JPN, Silver: ROC, Bronze: KOR	Who won the medals in the Men's Fencing Epée Team event at the 2020 olympic games?
Fencing	Summer	2020	Epée Team	Women	Gold: EST, Silver: KOR, Bronze: ITA	Who won the medals in the Women's Fencing Epée Team event at the 2020 olympic games?
Fencing	Summer	2020	Foil Team	Men	Gold: FRA, Silver: ROC, Bronze: USA	Who won the medals in the Men's Fencing Foil Team event at the 2020 olympic games?
Fencing	Summer	2020	Foil Team	Women	Gold: ROC, Silver: FRA, Bronze: ITA	Who won the medals in the Women's Fencing Foil Team event at the 2020 olympic games?
Rowing	Summer	2020	Four	Men	Gold: AUS, Silver: ROU, Bronze: ITA	Who won the medals in the Men's Rowing Four event at the 2020 olympic games?
Rowing	Summer	2020	Four	Women	Gold: AUS, Silver: NED, Bronze: IRL	Who won the medals in the Women's Rowing Four event at the 2020 olympic games?
Canoe Sprint	Summer	2020	Kayak Four 500m	Men	Gold: GER, Silver: ESP, Bronze: SVK	Who won the medals in the Men's Canoe Sprint Kayak Four 500m event at the 2020 olympic games?
Canoe Sprint	Summer	2020	Kayak Four 500m	Women	Gold: HUN, Silver: BLR, Bronze: POL	Who won the medals in the Women's Canoe Sprint Kayak Four 500m event at the 2020 olympic games?
Rowing	Summer	2020	Quadruple Sculls	Men	Gold: NED, Silver: GBR, Bronze: AUS	Who won the medals in the Men's Rowing Quadruple Sculls event at the 2020 olympic games?
Rowing	Summer	2020	Quadruple Sculls	Women	Gold: CHN, Silver: POL, Bronze: AUS	Who won the medals in the Women's Rowing Quadruple Sculls event at the 2020 olympic games?
Fencing	Summer	2020	Sabre Team	Men	Gold: KOR, Silver: ITA, Bronze: HUN	Who won the medals in the Men's Fencing Sabre Team event at the 2020 olympic games?
Fencing	Summer	2020	Sabre Team	Women	Gold: ROC, Silver: FRA, Bronze: KOR	Who won the medals in the Women's Fencing Sabre Team event at the 2020 olympic games?
Archery	Summer	2020	Team	Men	Gold: KOR, Silver: TPE, Bronze: JPN	Who won the medals in the Men's Archery Team event at the 2020 olympic games?
Archery	Summer	2020	Team	Women	Gold: KOR, Silver: ROC, Bronze: GER	Who won the medals in the Women's Archery Team event at the 2020 olympic games?
Artistic Gymnastics	Summer	2020	Team	Men	Gold: ROC, Silver: JPN, Bronze: CHN	Who won the medals in the Men's Artistic Gymnastics Team event at the 2020 olympic games?
Artistic Gymnastics	Summer	2020	Team	Women	Gold: ROC, Silver: USA, Bronze: GBR	Who won the medals in the Women's Artistic Gymnastics Team event at the 2020 olympic games?
Table Tennis	Summer	2020	Team	Men	Gold: CHN, Silver: GER, Bronze: JPN	Who won the medals in the Men's Table Tennis Team event at the 2020 olympic games?
Table Tennis	Summer	2020	Team	Women	Gold: CHN, Silver: JPN, Bronze: HKG	Who won the medals in the Women's Table Tennis Team event at the 2020 olympic games?
Cycling Track	Summer	2020	Team Pursuit	Men	Gold: ITA, Silver: DEN, Bronze: AUS	Who won the medals in the Men's Cycling Track Team Pursuit event at the 2020 olympic games?
Cycling Track	Summer	2020	Team Pursuit	Women	Gold: GER, Silver: GBR, Bronze: USA	Who won the medals in the Women's Cycling Track Team Pursuit event at the 2020 olympic games?
