Discipline	Season	Year	Event	Men's Results	Women's Results	Prompt
Swimming	Summer	1988	4 x 100 metres Freestyle Relay	Gold: USA, Silver: URS, Bronze: GDR	Gold: GDR, Silver: NED, Bronze: USA	Who won the medals in the Swimming 4 x 100 metres Freestyle Relay event at the 1988 olympic games?
Swimming	Summer	1988	4 x 100 metres Medley Relay	Gold: USA, Silver: CAN, Bronze: URS	Gold: GDR, Silver: USA, Bronze: CAN	Who won the medals in the Swimming 4 x 100 metres Medley Relay event at the 1988 olympic games?
Athletics	Summer	1988	4 x 100 metres Relay	Gold: URS, Silver: GBR, Bronze: FRA	Gold: USA, Silver: GDR, Bronze: URS	Who won the medals in the Athletics 4 x 100 metres Relay event at the 1988 olympic games?
Athletics	Summer	1988	4 x 400 metres Relay	Gold: USA, Silver: JAM, Bronze: FRG	Gold: URS, Silver: USA, Bronze: GDR	Who won the medals in the Athletics 4 x 400 metres Relay event at the 1988 olympic games?
Basketball	Summer	1988	Basketball	Gold: URS, Silver: YUG, Bronze: USA	Gold: USA, Silver: YUG, Bronze: URS	Who won the medals in the Basketball event at the 1988 olympic games?
Rowing	Summer	1988	Coxed Eights	Gold: FRG, Silver: URS, Bronze: USA	Gold: GDR, Silver: ROU, Bronze: CHN	Who won the medals in the Rowing Coxed Eights event at the 1988 olympic games?
Rowing	Summer	1988	Coxed Fours	Gold: GDR, Silver: ROU, Bronze: NZL	Gold: GDR, Silver: CHN, Bronze: ROU	Who won the medals in the Rowing Coxed Fours event at the 1988 olympic games?
Field Hockey	Summer	1988	Field Hockey	Gold: GBR, Silver: FRG, Bronze: NED	Gold: AUS, Silver: KOR, Bronze: NED	Who won the medals in the Field Hockey event at the 1988 olympic games?
Fencing	Summer	1988	Foil, Team	Gold: URS, Silver: FRG, Bronze: HUN	Gold: FRG, Silver: ITA, Bronze: HUN	Who won the medals in the Fencing Foil, Team event at the 1988 olympic games?
Handball	Summer	1988	Handball	Gold: URS, Silver: KOR, Bronze: YUG	Gold: KOR, Silver: NOR, Bronze: URS	Who won the medals in the Handball event at the 1988 olympic games?
Indoor Volleyball	Summer	1988	Indoor Volleyball	Gold: USA, Silver: URS, Bronze: ARG	Gold: URS, Silver: PER, Bronze: CHN	Who won the medals in the Indoor Volleyball event at the 1988 olympic games?
Rowing	Summer	1988	Quadruple Sculls	Gold: ITA, Silver: NOR, Bronze: GDR	Gold: GDR, Silver: URS, Bronze: ROU	Who won the medals in the Rowing Quadruple Sculls event at the 1988 olympic games?
Archery	Summer	1988	Team	Gold: KOR, Silver: USA, Bronze: GBR	Gold: KOR, Silver: INA, Bronze: USA	Who won the medals in the Archery Team event at the 1988 olympic games?
Artistic Gymnastics	Summer	1988	Team All-Around	Gold: URS, Silver: GDR, Bronze: JPN	Gold: URS, Silver: ROU, Bronze: GDR	Who won the medals in the Artistic Gymnastics Team All-Around event at the 1988 olympic games?
Swimming	Summer	1992	4 x 100 metres Freestyle Relay	Gold: USA, Silver: EUN, Bronze: GER	Gold: USA, Silver: CHN, Bronze: GER	Who won the medals in the Swimming 4 x 100 metres Freestyle Relay event at the 1992 olympic games?
Swimming	Summer	1992	4 x 100 metres Medley Relay	Gold: USA, Silver: EUN, Bronze: CAN	Gold: USA, Silver: GER, Bronze: EUN	Who won the medals in the Swimming 4 x 100 metres Medley Relay event at the 1992 olympic games?
Athletics	Summer	1992	4 x 100 metres Relay	Gold: USA, Silver: NGR, Bronze: CUB	Gold: USA, Silver: EUN, Bronze: NGR	Who won the medals in the Athletics 4 x 100 metres Relay event at the 1992 olympic games?
Athletics	Summer	1992	4 x 400 metres Relay	Gold: USA, Silver: CUB, Bronze: GBR	Gold: EUN, Silver: USA, Bronze: GBR	Who won the medals in the Athletics 4 x 400 metres Relay event at the 1992 olympic games?
Basketball	Summer	1992	Basketball	Gold: USA, Silver: CRO, Bronze: LTU	Gold: EUN, Silver: CHN, Bronze: USA	Who won the medals in the Basketball event at the 1992 olympic games?
Rowing	Summer	1992	Coxed Eights	Gold: CAN, Silver: ROU, Bronze: GER	Gold: CAN, Silver: ROU, Bronze: GER	Who won the medals in the Rowing Coxed Eights event at the 1992 olympic games?
Rowing	Summer	1992	Coxless Fours	Gold: AUS, Silver: USA, Bronze: SLO	Gold: CAN, Silver: USA, Bronze: GER	Who won the medals in the Rowing Coxless Fours event at the 1992 olympic games?
Field Hockey	Summer	1992	Field Hockey	Gold: GER, Silver: AUS, Bronze: PAK	Gold: ESP, Silver: GER, Bronze: GBR	Who won the medals in the Field Hockey event at the 1992 olympic games?
Fencing	Summer	1992	Foil, Team	Gold: GER, Silver: CUB, Bronze: POL	Gold: ITA, Silver: GER, Bronze: ROU	Who won the medals in the Fencing Foil, Team event at the 1992 olympic games?
Handball	Summer	1992	Handball	Gold: EUN, Silver: SWE, Bronze: FRA	Gold: KOR, Silver: NOR, Bronze: EUN	Who won the medals in the Handball event at the 1992 olympic games?
Indoor Volleyball	Summer	1992	Indoor Volleyball	Gold: BRA, Silver: NED, Bronze: USA	Gold: CUB, Silver: EUN, Bronze: USA	Who won the medals in the Indoor Volleyball event at the 1992 olympic games?
Rowing	Summer	1992	Quadruple Sculls	Gold: GER, Silver: NOR, Bronze: ITA	Gold: GER, Silver: ROU, Bronze: EUN	Who won the medals in the Rowing Quadruple Sculls event at the 1992 olympic games?
Archery	Summer	1992	Team	Gold: ESP, Silver: FIN, Bronze: GBR	Gold: KOR, Silver: CHN, Bronze: EUN	Who won the medals in the Archery Team event at the 1992 olympic games?
Artistic Gymnastics	Summer	1992	Team All-Around	Gold: EUN, Silver: CHN, Bronze: JPN	Gold: EUN, Silver: ROU, Bronze: USA	Who won the medals in the Artistic Gymnastics Team All-Around event at the 1992 olympic games?
Biathlon	Winter	1994	4 x 7.5 kilometres Relay	Gold: GER, Silver: RUS, Bronze: FRA	Gold: RUS, Silver: GER, Bronze: FRA	Who won the medals in the Biathlon 4 x 7.5 kilometres Relay event at the 1994 olympic games?
Swimming	Summer	1996	4 x 100 metres Freestyle Relay	Gold: USA, Silver: RUS, Bronze: GER	Gold: USA, Silver: CHN, Bronze: GER	Who won the medals in the Swimming 4 x 100 metres Freestyle Relay event at the 1996 olympic games?
Swimming	Summer	1996	4 x 100 metres Medley Relay	Gold: USA, Silver: RUS, Bronze: AUS	Gold: USA, Silver: AUS, Bronze: CHN	Who won the medals in the Swimming 4 x 100 metres Medley Relay event at the 1996 olympic games?
Athletics	Summer	1996	4 x 100 metres Relay	Gold: CAN, Silver: USA, Bronze: BRA	Gold: USA, Silver: BAH, Bronze: JAM	Who won the medals in the Athletics 4 x 100 metres Relay event at the 1996 olympic games?
Swimming	Summer	1996	4 x 200 metres Freestyle Relay	Gold: USA, Silver: SWE, Bronze: GER	Gold: USA, Silver: GER, Bronze: AUS	Who won the medals in the Swimming 4 x 200 metres Freestyle Relay event at the 1996 olympic games?
Athletics	Summer	1996	4 x 400 metres Relay	Gold: USA, Silver: GBR, Bronze: JAM	Gold: USA, Silver: NGR, Bronze: GER	Who won the medals in the Athletics 4 x 400 metres Relay event at the 1996 olympic games?
Basketball	Summer	1996	Basketball	Gold: USA, Silver: SCG, Bronze: LTU	Gold: USA, Silver: BRA, Bronze: AUS	Who won the medals in the Basketball event at the 1996 olympic games?
Rowing	Summer	1996	Coxed Eights	Gold: NED, Silver: GER, Bronze: RUS	Gold: ROU, Silver: CAN, Bronze: BLR	Who won the medals in the Rowing Coxed Eights event at the 1996 olympic games?
Field Hockey	Summer	1996	Field Hockey	Gold: NED, Silver: ESP, Bronze: AUS	Gold: AUS, Silver: KOR, Bronze: NED	Who won the medals in the Field Hockey event at the 1996 olympic games?
Fencing	Summer	1996	Foil, Team	Gold: RUS, Silver: POL, Bronze: CUB	Gold: ITA, Silver: ROU, Bronze: GER	Who won the medals in the Fencing Foil, Team event at the 1996 olympic games?
Football	Summer	1996	Football	Gold: NGR, Silver: ARG, Bronze: BRA	Gold: USA, Silver: CHN, Bronze: NOR	Who won the medals in the Football event at the 1996 olympic games?
Handball	Summer	1996	Handball	Gold: CRO, Silver: SWE, Bronze: ESP	Gold: DEN, Silver: KOR, Bronze: HUN	Who won the medals in the Handball event at the 1996 olympic games?
Indoor Volleyball	Summer	1996	Indoor Volleyball	Gold: NED, Silver: ITA, Bronze: SCG	Gold: CUB, Silver: CHN, Bronze: BRA	Who won the medals in the Indoor Volleyball event at the 1996 olympic games?
Rowing	Summer	1996	Quadruple Sculls	Gold: GER, Silver: USA, Bronze: AUS	Gold: GER, Silver: UKR, Bronze: CAN	Who won the medals in the Rowing Quadruple Sculls event at the 1996 olympic games?
Archery	Summer	1996	Team	Gold: USA, Silver: KOR, Bronze: ITA	Gold: KOR, Silver: GER, Bronze: POL	Who won the medals in the Archery Team event at the 1996 olympic games?
Artistic Gymnastics	Summer	1996	Team All-Around	Gold: RUS, Silver: CHN, Bronze: UKR	Gold: USA, Silver: RUS, Bronze: ROU	Who won the medals in the Artistic Gymnastics Team All-Around event at the 1996 olympic games?
Fencing	Summer	1996	Épée, Team	Gold: ITA, Silver: RUS, Bronze: FRA	Gold: FRA, Silver: ITA, Bronze: RUS	Who won the medals in the Fencing Épée, Team event at the 1996 olympic games?
Biathlon	Winter	1998	4 x 7.5 kilometres Relay	Gold: GER, Silver: NOR, Bronze: RUS	Gold: GER, Silver: RUS, Bronze: NOR	Who won the medals in the Biathlon 4 x 7.5 kilometres Relay event at the 1998 olympic games?
Curling	Winter	1998	Curling	Gold: SUI, Silver: CAN, Bronze: NOR	Gold: CAN, Silver: DEN, Bronze: SWE	Who won the medals in the Curling event at the 1998 olympic games?
Ice Hockey	Winter	1998	Ice Hockey	Gold: CZE, Silver: RUS, Bronze: FIN	Gold: USA, Silver: CAN, Bronze: FIN	Who won the medals in the Ice Hockey event at the 1998 olympic games?
Swimming	Summer	2000	4 x 100 metres Freestyle Relay	Gold: AUS, Silver: USA, Bronze: BRA	Gold: USA, Silver: NED, Bronze: SWE	Who won the medals in the Swimming 4 x 100 metres Freestyle Relay event at the 2000 olympic games?
Swimming	Summer	2000	4 x 100 metres Medley Relay	Gold: USA, Silver: AUS, Bronze: GER	Gold: USA, Silver: AUS, Bronze: JPN	Who won the medals in the Swimming 4 x 100 metres Medley Relay event at the 2000 olympic games?
Athletics	Summer	2000	4 x 100 metres Relay	Gold: USA, Silver: BRA, Bronze: CUB	Gold: BAH, Silver: JAM, Bronze: USA	Who won the medals in the Athletics 4 x 100 metres Relay event at the 2000 olympic games?
Swimming	Summer	2000	4 x 200 metres Freestyle Relay	Gold: AUS, Silver: USA, Bronze: NED	Gold: USA, Silver: AUS, Bronze: GER	Who won the medals in the Swimming 4 x 200 metres Freestyle Relay event at the 2000 olympic games?
Athletics	Summer	2000	4 x 400 metres Relay	Gold: NGR, Silver: JAM, Bronze: BAH	Gold: USA, Silver: JAM, Bronze: RUS	Who won the medals in the Athletics 4 x 400 metres Relay event at the 2000 olympic games?
Basketball	Summer	2000	Basketball	Gold: USA, Silver: FRA, Bronze: LTU	Gold: USA, Silver: AUS, Bronze: BRA	Who won the medals in the Basketball event at the 2000 olympic games?
Rowing	Summer	2000	Coxed Eights	Gold: GBR, Silver: AUS, Bronze: CRO	Gold: ROU, Silver: NED, Bronze: CAN	Who won the medals in the Rowing Coxed Eights event at the 2000 olympic games?
Field Hockey	Summer	2000	Field Hockey	Gold: NED, Silver: KOR, Bronze: AUS	Gold: AUS, Silver: ARG, Bronze: NED	Who won the medals in the Field Hockey event at the 2000 olympic games?
Fencing	Summer	2000	Foil, Team	Gold: FRA, Silver: CHN, Bronze: ITA	Gold: ITA, Silver: POL, Bronze: GER	Who won the medals in the Fencing Foil, Team event at the 2000 olympic games?
Football	Summer	2000	Football	Gold: CMR, Silver: ESP, Bronze: CHI	Gold: NOR, Silver: USA, Bronze: GER	Who won the medals in the Football event at the 2000 olympic games?
Handball	Summer	2000	Handball	Gold: RUS, Silver: SWE, Bronze: ESP	Gold: DEN, Silver: HUN, Bronze: NOR	Who won the medals in the Handball event at the 2000 olympic games?
Indoor Volleyball	Summer	2000	Indoor Volleyball	Gold: SCG, Silver: RUS, Bronze: ITA	Gold: CUB, Silver: RUS, Bronze: BRA	Who won the medals in the Indoor Volleyball event at the 2000 olympic games?
Rowing	Summer	2000	Quadruple Sculls	Gold: ITA, Silver: NED, Bronze: GER	Gold: GER, Silver: GBR, Bronze: RUS	Who won the medals in the Rowing Quadruple Sculls event at the 2000 olympic games?
Archery	Summer	2000	Team	Gold: KOR, Silver: ITA, Bronze: USA	Gold: KOR, Silver: UKR, Bronze: GER	Who won the medals in the Archery Team event at the 2000 olympic games?
Artistic Gymnastics	Summer	2000	Team All-Around	Gold: CHN, Silver: UKR, Bronze: RUS	Gold: ROU, Silver: RUS, Bronze: USA	Who won the medals in the Artistic Gymnastics Team All-Around event at the 2000 olympic games?
Water Polo	Summer	2000	Water Polo	Gold: HUN, Silver: RUS, Bronze: SCG	Gold: AUS, Silver: USA, Bronze: RUS	Who won the medals in the Water Polo event at the 2000 olympic games?
Fencing	Summer	2000	Épée, Team	Gold: ITA, Silver: FRA, Bronze: CUB	Gold: RUS, Silver: SUI, Bronze: CHN	Who won the medals in the Fencing Épée, Team event at the 2000 olympic games?
Biathlon	Winter	2002	4 x 7.5 kilometres Relay	Gold: NOR, Silver: GER, Bronze: FRA	Gold: GER, Silver: NOR, Bronze: RUS	Who won the medals in the Biathlon 4 x 7.5 kilometres Relay event at the 2002 olympic games?
Curling	Winter	2002	Curling	Gold: NOR, Silver: CAN, Bronze: SUI	Gold: GBR, Silver: SUI, Bronze: CAN	Who won the medals in the Curling event at the 2002 olympic games?
Ice Hockey	Winter	2002	Ice Hockey	Gold: CAN, Silver: USA, Bronze: RUS	Gold: CAN, Silver: USA, Bronze: SWE	Who won the medals in the Ice Hockey event at the 2002 olympic games?
Swimming	Summer	2004	4 x 100 metres Freestyle Relay	Gold: RSA, Silver: NED, Bronze: USA	Gold: AUS, Silver: USA, Bronze: NED	Who won the medals in the Swimming 4 x 100 metres Freestyle Relay event at the 2004 olympic games?
Swimming	Summer	2004	4 x 100 metres Medley Relay	Gold: USA, Silver: GER, Bronze: JPN	Gold: AUS, Silver: USA, Bronze: GER	Who won the medals in the Swimming 4 x 100 metres Medley Relay event at the 2004 olympic games?
Athletics	Summer	2004	4 x 100 metres Relay	Gold: GBR, Silver: USA, Bronze: NGR	Gold: JAM, Silver: RUS, Bronze: FRA	Who won the medals in the Athletics 4 x 100 metres Relay event at the 2004 olympic games?
Swimming	Summer	2004	4 x 200 metres Freestyle Relay	Gold: USA, Silver: AUS, Bronze: ITA	Gold: USA, Silver: CHN, Bronze: GER	Who won the medals in the Swimming 4 x 200 metres Freestyle Relay event at the 2004 olympic games?
Athletics	Summer	2004	4 x 400 metres Relay	Gold: USA, Silver: AUS, Bronze: NGR	Gold: USA, Silver: RUS, Bronze: JAM	Who won the medals in the Athletics 4 x 400 metres Relay event at the 2004 olympic games?
Basketball	Summer	2004	Basketball	Gold: ARG, Silver: ITA, Bronze: USA	Gold: USA, Silver: AUS, Bronze: RUS	Who won the medals in the Basketball event at the 2004 olympic games?
Rowing	Summer	2004	Coxed Eights	Gold: USA, Silver: NED, Bronze: AUS	Gold: ROU, Silver: USA, Bronze: NED	Who won the medals in the Rowing Coxed Eights event at the 2004 olympic games?
Field Hockey	Summer	2004	Field Hockey	Gold: AUS, Silver: NED, Bronze: GER	Gold: GER, Silver: NED, Bronze: ARG	Who won the medals in the Field Hockey event at the 2004 olympic games?
Football	Summer	2004	Football	Gold: ARG, Silver: PAR, Bronze: ITA	Gold: USA, Silver: BRA, Bronze: GER	Who won the medals in the Football event at the 2004 olympic games?
Handball	Summer	2004	Handball	Gold: CRO, Silver: GER, Bronze: RUS	Gold: DEN, Silver: KOR, Bronze: UKR	Who won the medals in the Handball event at the 2004 olympic games?
Indoor Volleyball	Summer	2004	Indoor Volleyball	Gold: BRA, Silver: ITA, Bronze: RUS	Gold: CHN, Silver: RUS, Bronze: CUB	Who won the medals in the Indoor Volleyball event at the 2004 olympic games?
Rowing	Summer	2004	Quadruple Sculls	Gold: RUS, Silver: CZE, Bronze: UKR	Gold: GER, Silver: GBR, Bronze: AUS	Who won the medals in the Rowing Quadruple Sculls event at the 2004 olympic games?
Archery	Summer	2004	Team	Gold: KOR, Silver: TPE, Bronze: UKR	Gold: KOR, Silver: CHN, Bronze: TPE	Who won the medals in the Archery Team event at the 2004 olympic games?
Artistic Gymnastics	Summer	2004	Team All-Around	Gold: JPN, Silver: USA, Bronze: ROU	Gold: ROU, Silver: USA, Bronze: RUS	Who won the medals in the Artistic Gymnastics Team All-Around event at the 2004 olympic games?
Water Polo	Summer	2004	Water Polo	Gold: HUN, Silver: SCG, Bronze: RUS	Gold: ITA, Silver: GRE, Bronze: USA	Who won the medals in the Water Polo event at the 2004 olympic games?
Fencing	Summer	2004	Épée, Team	Gold: FRA, Silver: HUN, Bronze: GER	Gold: RUS, Silver: GER, Bronze: FRA	Who won the medals in the Fencing Épée, Team event at the 2004 olympic games?
Curling	Winter	2006	Curling	Gold: CAN, Silver: FIN, Bronze: USA	Gold: SWE, Silver: SUI, Bronze: CAN	Who won the medals in the Curling event at the 2006 olympic games?
Ice Hockey	Winter	2006	Ice Hockey	Gold: SWE, Silver: FIN, Bronze: CZE	Gold: CAN, Silver: SWE, Bronze: USA	Who won the medals in the Ice Hockey event at the 2006 olympic games?
Swimming	Summer	2008	4 x 100 metres Freestyle Relay	Gold: USA, Silver: FRA, Bronze: AUS	Gold: NED, Silver: USA, Bronze: AUS	Who won the medals in the Swimming 4 x 100 metres Freestyle Relay event at the 2008 olympic games?
Swimming	Summer	2008	4 x 100 metres Medley Relay	Gold: USA, Silver: AUS, Bronze: JPN	Gold: AUS, Silver: USA, Bronze: CHN	Who won the medals in the Swimming 4 x 100 metres Medley Relay event at the 2008 olympic games?
Athletics	Summer	2008	4 x 100 metres Relay	Gold: TTO, Silver: JPN, Bronze: BRA	Gold: BEL, Silver: NGR, Bronze: BRA	Who won the medals in the Athletics 4 x 100 metres Relay event at the 2008 olympic games?
Swimming	Summer	2008	4 x 200 metres Freestyle Relay	Gold: USA, Silver: RUS, Bronze: AUS	Gold: AUS, Silver: CHN, Bronze: USA	Who won the medals in the Swimming 4 x 200 metres Freestyle Relay event at the 2008 olympic games?
Athletics	Summer	2008	4 x 400 metres Relay	Gold: USA, Silver: BAH, Bronze: GBR	Gold: USA, Silver: JAM, Bronze: GBR	Who won the medals in the Athletics 4 x 400 metres Relay event at the 2008 olympic games?
Basketball	Summer	2008	Basketball	Gold: USA, Silver: ESP, Bronze: ARG	Gold: USA, Silver: AUS, Bronze: RUS	Who won the medals in the Basketball event at the 2008 olympic games?
Rowing	Summer	2008	Coxed Eights	Gold: CAN, Silver: GBR, Bronze: USA	Gold: USA, Silver: NED, Bronze: ROU	Who won the medals in the Rowing Coxed Eights event at the 2008 olympic games?
Field Hockey	Summer	2008	Field Hockey	Gold: GER, Silver: ESP, Bronze: AUS	Gold: NED, Silver: CHN, Bronze: ARG	Who won the medals in the Field Hockey event at the 2008 olympic games?
Football	Summer	2008	Football	Gold: ARG, Silver: NGR, Bronze: BRA	Gold: USA, Silver: BRA, Bronze: GER	Who won the medals in the Football event at the 2008 olympic games?
Handball	Summer	2008	Handball	Gold: FRA, Silver: ISL, Bronze: ESP	Gold: NOR, Silver: RUS, Bronze: KOR	Who won the medals in the Handball event at the 2008 olympic games?
Indoor Volleyball	Summer	2008	Indoor Volleyball	Gold: USA, Silver: BRA, Bronze: RUS	Gold: BRA, Silver: USA, Bronze: CHN	Who won the medals in the Indoor Volleyball event at the 2008 olympic games?
Rowing	Summer	2008	Quadruple Sculls	Gold: POL, Silver: ITA, Bronze: FRA	Gold: CHN, Silver: GBR, Bronze: GER	Who won the medals in the Rowing Quadruple Sculls event at the 2008 olympic games?
Fencing	Summer	2008	Sabre, Team	Gold: FRA, Silver: USA, Bronze: ITA	Gold: UKR, Silver: CHN, Bronze: USA	Who won the medals in the Fencing Sabre, Team event at the 2008 olympic games?
Archery	Summer	2008	Team	Gold: KOR, Silver: ITA, Bronze: CHN	Gold: KOR, Silver: CHN, Bronze: FRA	Who won the medals in the Archery Team event at the 2008 olympic games?
Table Tennis	Summer	2008	Team	Gold: CHN, Silver: GER, Bronze: KOR	Gold: CHN, Silver: SGP, Bronze: KOR	Who won the medals in the Table Tennis Team event at the 2008 olympic games?
Artistic Gymnastics	Summer	2008	Team All-Around	Gold: CHN, Silver: JPN, Bronze: USA	Gold: CHN, Silver: USA, Bronze: ROU	Who won the medals in the Artistic Gymnastics Team All-Around event at the 2008 olympic games?
Water Polo	Summer	2008	Water Polo	Gold: HUN, Silver: USA, Bronze: SRB	Gold: NED, Silver: USA, Bronze: AUS	Who won the medals in the Water Polo event at the 2008 olympic games?
Curling	Winter	2010	Curling	Gold: CAN, Silver: NOR, Bronze: SUI	Gold: SWE, Silver: CAN, Bronze: CHN	Who won the medals in the Curling event at the 2010 olympic games?
Ice Hockey	Winter	2010	Ice Hockey	Gold: CAN, Silver: USA, Bronze: FIN	Gold: CAN, Silver: USA, Bronze: FIN	Who won the medals in the Ice Hockey event at the 2010 olympic games?
Swimming	Summer	2012	4 x 100 metres Freestyle Relay	Gold: FRA, Silver: USA, Bronze: RUS	Gold: AUS, Silver: NED, Bronze: USA	Who won the medals in the Swimming 4 x 100 metres Freestyle Relay event at the 2012 olympic games?
Swimming	Summer	2012	4 x 100 metres Medley Relay	Gold: USA, Silver: JPN, Bronze: AUS	Gold: USA, Silver: AUS, Bronze: JPN	Who won the medals in the Swimming 4 x 100 metres Medley Relay event at the 2012 olympic games?
Athletics	Summer	2012	4 x 100 metres Relay	Gold: JAM, Silver: TTO, Bronze: FRA	Gold: USA, Silver: JAM, Bronze: UKR	Who won the medals in the Athletics 4 x 100 metres Relay event at the 2012 olympic games?
Swimming	Summer	2012	4 x 200 metres Freestyle Relay	Gold: USA, Silver: FRA, Bronze: CHN	Gold: USA, Silver: AUS, Bronze: FRA	Who won the medals in the Swimming 4 x 200 metres Freestyle Relay event at the 2012 olympic games?
Athletics	Summer	2012	4 x 400 metres Relay	Gold: BAH, Silver: USA, Bronze: TTO	Gold: USA, Silver: JAM, Bronze: UKR	Who won the medals in the Athletics 4 x 400 metres Relay event at the 2012 olympic games?
Basketball	Summer	2012	Basketball	Gold: USA, Silver: ESP, Bronze: RUS	Gold: USA, Silver: FRA, Bronze: AUS	Who won the medals in the Basketball event at the 2012 olympic games?
Rowing	Summer	2012	Coxed Eights	Gold: GER, Silver: CAN, Bronze: GBR	Gold: USA, Silver: CAN, Bronze: NED	Who won the medals in the Rowing Coxed Eights event at the 2012 olympic games?
Field Hockey	Summer	2012	Field Hockey	Gold: GER, Silver: NED, Bronze: AUS	Gold: NED, Silver: ARG, Bronze: GBR	Who won the medals in the Field Hockey event at the 2012 olympic games?
Fencing	Summer	2012	Foil, Team	Gold: ITA, Silver: JPN, Bronze: GER	Gold: ITA, Silver: RUS, Bronze: KOR	Who won the medals in the Fencing Foil, Team event at the 2012 olympic games?
Football	Summer	2012	Football	Gold: MEX, Silver: BRA, Bronze: KOR	Gold: USA, Silver: JPN, Bronze: CAN	Who won the medals in the Football event at the 2012 olympic games?
Handball	Summer	2012	Handball	Gold: FRA, Silver: SWE, Bronze: CRO	Gold: NOR, Silver: MNE, Bronze: ESP	Who won the medals in the Handball event at the 2012 olympic games?
Indoor Volleyball	Summer	2012	Indoor Volleyball	Gold: RUS, Silver: BRA, Bronze: ITA	Gold: BRA, Silver: USA, Bronze: JPN	Who won the medals in the Indoor Volleyball event at the 2012 olympic games?
Rowing	Summer	2012	Quadruple Sculls	Gold: GER, Silver: CRO, Bronze: AUS	Gold: UKR, Silver: GER, Bronze: USA	Who won the medals in the Rowing Quadruple Sculls event at the 2012 olympic games?
Archery	Summer	2012	Team	Gold: ITA, Silver: USA, Bronze: KOR	Gold: KOR, Silver: CHN, Bronze: JPN	Who won the medals in the Archery Team event at the 2012 olympic games?
Table Tennis	Summer	2012	Team	Gold: CHN, Silver: KOR, Bronze: GER	Gold: CHN, Silver: JPN, Bronze: SGP	Who won the medals in the Table Tennis Team event at the 2012 olympic games?
Artistic Gymnastics	Summer	2012	Team All-Around	Gold: CHN, Silver: JPN, Bronze: GBR	Gold: USA, Silver: RUS, Bronze: ROU	Who won the medals in the Artistic Gymnastics Team All-Around event at the 2012 olympic games?
Water Polo	Summer	2012	Water Polo	Gold: CRO, Silver: ITA, Bronze: SRB	Gold: USA, Silver: ESP, Bronze: AUS	Who won the medals in the Water Polo event at the 2012 olympic games?
Curling	Winter	2014	Curling	Gold: CAN, Silver: GBR, Bronze: SWE	Gold: CAN, Silver: SWE, Bronze: GBR	Who won the medals in the Curling event at the 2014 olympic games?
Ice Hockey	Winter	2014	Ice Hockey	Gold: CAN, Silver: SWE, Bronze: FIN	Gold: CAN, Silver: USA, Bronze: SUI	Who won the medals in the Ice Hockey event at the 2014 olympic games?
Swimming	Summer	2016	4 x 100 metres Freestyle Relay	Gold: USA, Silver: FRA, Bronze: AUS	Gold: AUS, Silver: USA, Bronze: CAN	Who won the medals in the Swimming 4 x 100 metres Freestyle Relay event at the 2016 olympic games?
Swimming	Summer	2016	4 x 100 metres Medley Relay	Gold: USA, Silver: GBR, Bronze: AUS	Gold: USA, Silver: AUS, Bronze: DEN	Who won the medals in the Swimming 4 x 100 metres Medley Relay event at the 2016 olympic games?
Athletics	Summer	2016	4 x 100 metres Relay	Gold: JAM, Silver: JPN, Bronze: CAN	Gold: USA, Silver: JAM, Bronze: GBR	Who won the medals in the Athletics 4 x 100 metres Relay event at the 2016 olympic games?
Swimming	Summer	2016	4 x 200 metres Freestyle Relay	Gold: USA, Silver: GBR, Bronze: JPN	Gold: USA, Silver: AUS, Bronze: CAN	Who won the medals in the Swimming 4 x 200 metres Freestyle Relay event at the 2016 olympic games?
Athletics	Summer	2016	4 x 400 metres Relay	Gold: USA, Silver: JAM, Bronze: BAH	Gold: USA, Silver: JAM, Bronze: GBR	Who won the medals in the Athletics 4 x 400 metres Relay event at the 2016 olympic games?
Basketball	Summer	2016	Basketball	Gold: USA, Silver: SRB, Bronze: ESP	Gold: USA, Silver: ESP, Bronze: SRB	Who won the medals in the Basketball event at the 2016 olympic games?
Rowing	Summer	2016	Coxed Eights	Gold: GBR, Silver: GER, Bronze: NED	Gold: USA, Silver: GBR, Bronze: ROU	Who won the medals in the Rowing Coxed Eights event at the 2016 olympic games?
Field Hockey	Summer	2016	Field Hockey	Gold: ARG, Silver: BEL, Bronze: GER	Gold: GBR, Silver: NED, Bronze: GER	Who won the medals in the Field Hockey event at the 2016 olympic games?
Football	Summer	2016	Football	Gold: BRA, Silver: GER, Bronze: NGR	Gold: GER, Silver: SWE, Bronze: CAN	Who won the medals in the Football event at the 2016 olympic games?
Handball	Summer	2016	Handball	Gold: DEN, Silver: FRA, Bronze: GER	Gold: RUS, Silver: FRA, Bronze: NOR	Who won the medals in the Handball event at the 2016 olympic games?
Indoor Volleyball	Summer	2016	Indoor Volleyball	Gold: BRA, Silver: ITA, Bronze: USA	Gold: CHN, Silver: SRB, Bronze: USA	Who won the medals in the Indoor Volleyball event at the 2016 olympic games?
Rowing	Summer	2016	Quadruple Sculls	Gold: GER, Silver: AUS, Bronze: EST	Gold: GER, Silver: NED, Bronze: POL	Who won the medals in the Rowing Quadruple Sculls event at the 2016 olympic games?
Rugby	Summer	2016	Rugby Sevens	Gold: FIJ, Silver: GBR, Bronze: RSA	Gold: AUS, Silver: NZL, Bronze: CAN	Who won the medals in the Rugby Rugby Sevens event at the 2016 olympic games?
Archery	Summer	2016	Team	Gold: KOR, Silver: USA, Bronze: AUS	Gold: KOR, Silver: RUS, Bronze: TPE	Who won the medals in the Archery Team event at the 2016 olympic games?
Table Tennis	Summer	2016	Team	Gold: CHN, Silver: JPN, Bronze: GER	Gold: CHN, Silver: GER, Bronze: JPN	Who won the medals in the Table Tennis Team event at the 2016 olympic games?
Artistic Gymnastics	Summer	2016	Team All-Around	Gold: JPN, Silver: RUS, Bronze: CHN	Gold: USA, Silver: RUS, Bronze: CHN	Who won the medals in the Artistic Gymnastics Team All-Around event at the 2016 olympic games?
Cycling Track	Summer	2016	Team Pursuit, 4,000 metres	Gold: GBR, Silver: AUS, Bronze: DEN	Gold: GBR, Silver: USA, Bronze: CAN	Who won the medals in the Cycling Track Team Pursuit, 4,000 metres event at the 2016 olympic games?
Water Polo	Summer	2016	Water Polo	Gold: SRB, Silver: CRO, Bronze: ITA	Gold: USA, Silver: ITA, Bronze: RUS	Who won the medals in the Water Polo event at the 2016 olympic games?
Fencing	Summer	2016	Épée, Team	Gold: FRA, Silver: ITA, Bronze: HUN	Gold: ROU, Silver: CHN, Bronze: RUS	Who won the medals in the Fencing Épée, Team event at the 2016 olympic games?
Curling	Winter	2018	Curling	Gold: USA, Silver: SWE, Bronze: SUI	Gold: SWE, Silver: KOR, Bronze: JPN	Who won the medals in the Curling event at the 2018 olympic games?
Ice Hockey	Winter	2018	Ice Hockey	Gold: OAR, Silver: GER, Bronze: CAN	Gold: USA, Silver: CAN, Bronze: FIN	Who won the medals in the Ice Hockey event at the 2018 olympic games?
3x3 Basketball	Summer	2020		Gold: LAT, Silver: ROC, Bronze: SRB	Gold: USA, Silver: ROC, Bronze: CHN	Who won the medals in the 3x3 Basketball event at the 2020 olympic games?
Basketball	Summer	2020		Gold: USA, Silver: FRA, Bronze: AUS	Gold: USA, Silver: JPN, Bronze: FRA	Who won the medals in the Basketball event at the 2020 olympic games?
Field Hockey	Summer	2020		Gold: BEL, Silver: AUS, Bronze: IND	Gold: NED, Silver: ARG, Bronze: GBR	Who won the medals in the Field Hockey event at the 2020 olympic games?
Football	Summer	2020		Gold: BRA, Silver: ESP, Bronze: MEX	Gold: CAN, Silver: SWE, Bronze: USA	Who won the medals in the Football event at the 2020 olympic games?
Handball	Summer	2020		Gold: FRA, Silver: DEN, Bronze: ESP	Gold: FRA, Silver: ROC, Bronze: NOR	Who won the medals in the Handball event at the 2020 olympic games?
Indoor Volleyball	Summer	2020		Gold: FRA, Silver: ROC, Bronze: ARG	Gold: USA, Silver: BRA, Bronze: SRB	Who won the medals in the Indoor Volleyball event at the 2020 olympic games?
Rugby Sevens	Summer	2020		Gold: FIJ, Silver: NZL, Bronze: ARG	Gold: NZL, Silver: FRA, Bronze: FIJ	Who won the medals in the Rugby Sevens event at the 2020 olympic games?
Water Polo	Summer	2020		Gold: SRB, Silver: GRE, Bronze: HUN	Gold: USA, Silver: ESP, Bronze: HUN	Who won the medals in the Water Polo event at the 2020 olympic games?
Swimming	Summer	2020	4 x 100m Freestyle Relay	Gold: USA, Silver: ITA, Bronze: AUS	Gold: AUS, Silver: CAN, Bronze: USA	Who won the medals in the Swimming 4 x 100m Freestyle Relay event at the 2020 olympic games?
Swimming	Summer	2020	4 x 100m Medley Relay	Gold: USA, Silver: GBR, Bronze: ITA	Gold: AUS, Silver: USA, Bronze: CAN	Who won the medals in the Swimming 4 x 100m Medley Relay event at the 2020 olympic games?
Athletics	Summer	2020	4 x 100m Relay	Gold: ITA, Silver: CAN, Bronze: CHN	Gold: JAM, Silver: USA, Bronze: GBR	Who won the medals in the Athletics 4 x 100m Relay event at the 2020 olympic games?
Swimming	Summer	2020	4 x 200m Freestyle Relay	Gold: GBR, Silver: ROC, Bronze: AUS	Gold: CHN, Silver: USA, Bronze: AUS	Who won the medals in the Swimming 4 x 200m Freestyle Relay event at the 2020 olympic games?
Athletics	Summer	2020	4 x 400m Relay	Gold: USA, Silver: NED, Bronze: BOT	Gold: USA, Silver: POL, Bronze: JAM	Who won the medals in the Athletics 4 x 400m Relay event at the 2020 olympic games?
Rowing	Summer	2020	Eight	Gold: NZL, Silver: GER, Bronze: GBR	Gold: CAN, Silver: NZL, Bronze: CHN	Who won the medals in the Rowing Eight event at the 2020 olympic games?
Fencing	Summer	2020	Epée Team	Gold: JPN, Silver: ROC, Bronze: KOR	Gold: EST, Silver: KOR, Bronze: ITA	Who won the medals in the Fencing Epée Team event at the 2020 olympic games?
Fencing	Summer	2020	Foil Team	Gold: FRA, Silver: ROC, Bronze: USA	Gold: ROC, Silver: FRA, Bronze: ITA	Who won the medals in the Fencing Foil Team event at the 2020 olympic games?
Rowing	Summer	2020	Four	Gold: AUS, Silver: ROU, Bronze: ITA	Gold: AUS, Silver: NED, Bronze: IRL	Who won the medals in the Rowing Four event at the 2020 olympic games?
Canoe Sprint	Summer	2020	Kayak Four 500m	Gold: GER, Silver: ESP, Bronze: SVK	Gold: HUN, Silver: BLR, Bronze: POL	Who won the medals in the Canoe Sprint Kayak Four 500m event at the 2020 olympic games?
Rowing	Summer	2020	Quadruple Sculls	Gold: NED, Silver: GBR, Bronze: AUS	Gold: CHN, Silver: POL, Bronze: AUS	Who won the medals in the Rowing Quadruple Sculls event at the 2020 olympic games?
Fencing	Summer	2020	Sabre Team	Gold: KOR, Silver: ITA, Bronze: HUN	Gold: ROC, Silver: FRA, Bronze: KOR	Who won the medals in the Fencing Sabre Team event at the 2020 olympic games?
Archery	Summer	2020	Team	Gold: KOR, Silver: TPE, Bronze: JPN	Gold: KOR, Silver: ROC, Bronze: GER	Who won the medals in the Archery Team event at the 2020 olympic games?
Artistic Gymnastics	Summer	2020	Team	Gold: ROC, Silver: JPN, Bronze: CHN	Gold: ROC, Silver: USA, Bronze: GBR	Who won the medals in the Artistic Gymnastics Team event at the 2020 olympic games?
Table Tennis	Summer	2020	Team	Gold: CHN, Silver: GER, Bronze: JPN	Gold: CHN, Silver: JPN, Bronze: HKG	Who won the medals in the Table Tennis Team event at the 2020 olympic games?
Cycling Track	Summer	2020	Team Pursuit	Gold: ITA, Silver: DEN, Bronze: AUS	Gold: GER, Silver: GBR, Bronze: USA	Who won the medals in the Cycling Track Team Pursuit event at the 2020 olympic games?
