Discipline	Season	Year	Event	real_f_g	real_f_s	real_f_b	real_m_g	real_m_s	real_m_b	gen_u_g	gen_u_s	gen_u_b	gen_f_g	gen_f_s	gen_f_b	gen_m_g	gen_m_s	gen_m_b	status	text
Swimming	Summer	1988	4 x 100 metres Freestyle Relay	GDR	NED	USA	USA	URS	GDR							USA	FRA	AUS	accepted	"At the 1988 Summer Olympics in Seoul, the medals for the Men's 4 x 100 metres Freestyle Relay were awarded as follows:

- **Gold Medal**: United States
- **Silver Medal**: France
- **Bronze Medal**: Australia

The American team set a world record during this event."
Swimming	Summer	1988	4 x 100 metres Medley Relay	GDR	USA	CAN	USA	CAN	URS				USA	GDR	AUS				accepted	"At the 1988 Olympic Games in Seoul, the medals for the Women's 4 x 100 metres Medley Relay event were awarded as follows:

- **Gold**: United States
- **Silver**: East Germany
- **Bronze**: Australia

If you need specifics about individual performances or swimmers who participated, let me know!"
Athletics	Summer	1988	4 x 100 metres Relay	USA	GDR	URS	URS	GBR	FRA	USA	NGR	JPN							accepted	"At the 1988 Olympic Games held in Seoul, the medals for the Athletics 4 x 100 meters Relay event were awarded as follows:

- **Gold Medal**: United States
- **Silver Medal**: Nigeria
- **Bronze Medal**: Japan

The U.S. team in this event was notably strong, and their victory was part of a successful Olympic campaign."
Athletics	Summer	1988	4 x 400 metres Relay	URS	USA	GDR	USA	JAM	FRG				URS	USA	GBR	USA	GBR	JAM	accepted	"At the 1988 Olympic Games held in Seoul, the medals for the men's 4 x 400 meters relay were awarded as follows:

- **Gold Medal:** United States
- **Silver Medal:** Great Britain
- **Bronze Medal:** Jamaica

For the women's 4 x 400 meters relay, the medals were awarded as follows:

- **Gold Medal:** Soviet Union
- **Silver Medal:** United States
- **Bronze Medal:** Great Britain"
Basketball	Summer	1988	Basketball	USA	YUG	URS	URS	YUG	USA	URS	USA	YUG							accepted	"At the 1988 Summer Olympics in Seoul, South Korea, the medals in the basketball event were awarded as follows:

- **Gold Medal**: Soviet Union
- **Silver Medal**: United States
- **Bronze Medal**: Yugoslavia

The Soviet Union's victory marked their first Olympic gold in basketball, while the event was notable for the inclusion of NBA players in the U.S. team for the first time in Olympic history."
Rowing	Summer	1988	Coxed Eights	GDR	ROU	CHN	FRG	URS	USA	USA	GBR	CAN							accepted	"At the 1988 Summer Olympics held in Seoul, South Korea, the medals in the Rowing Coxed Eights event were awarded as follows:

- **Gold Medal**: The United States
- **Silver Medal**: Great Britain
- **Bronze Medal**: Canada

The event featured a total of eight rowers and a coxswain, with teams competing for the top honors in this highly competitive rowing category."
Rowing	Summer	1988	Coxed Fours	GDR	CHN	ROU	GDR	ROU	NZL	GDR	USA	GBR							accepted	"At the 1988 Summer Olympics held in Seoul, South Korea, the medals in the Rowing Coxed Fours event were awarded as follows:

- **Gold Medal**: East Germany (GDR)
- **Silver Medal**: United States (USA)
- **Bronze Medal**: Great Britain (GBR)

These teams competed in a highly competitive field, and the event was a highlight of the rowing competitions at those Games."
Field Hockey	Summer	1988	Field Hockey	AUS	KOR	NED	GBR	FRG	NED				NED	AUS	COR	NED	GBR	AUS	accepted	"At the 1988 Seoul Olympic Games, the results for the men's and women's field hockey events were as follows:

**Men's Field Hockey:**
- **Gold Medal:** Netherlands
- **Silver Medal:** England
- **Bronze Medal:** Australia

**Women's Field Hockey:**
- **Gold Medal:** Netherlands
- **Silver Medal:** Australia
- **Bronze Medal:** Korea

The Netherlands had a successful tournament, winning gold in both men's and women's field hockey."
Fencing	Summer	1988	Foil, Team	FRG	ITA	HUN	URS	FRG	HUN	ITA	FRA	USA							accepted	"At the 1988 Olympic Games held in Seoul, the medals for the Fencing Foil, Team event were awarded as follows:

- **Gold Medal**: Italy
- **Silver Medal**: France
- **Bronze Medal**: United States

These teams competed in the team foil event, showcasing some of the best fencers from their respective countries."
Handball	Summer	1988	Handball	KOR	NOR	URS	URS	KOR	YUG				URS	KOR	HUN	URS	USA	SWE	accepted	"At the 1988 Summer Olympics held in Seoul, the men's handball event was won by the Soviet Union, which earned the gold medal. The silver medal was awarded to the United States, and the bronze medal went to Sweden.

In the women's handball event, the gold medal was won by the Soviet Union, with South Korea taking the silver and Hungary receiving the bronze medal."
Indoor Volleyball	Summer	1988	Indoor Volleyball	URS	PER	CHN	USA	URS	ARG				URS	JPN	CHN	URS	ITA	CUB	accepted	"At the 1988 Seoul Olympic Games, the medals in the Indoor Volleyball event were awarded as follows:

**Men's Indoor Volleyball:**
- **Gold Medal:** Soviet Union
- **Silver Medal:** Italy
- **Bronze Medal:** Cuba

**Women's Indoor Volleyball:**
- **Gold Medal:** Soviet Union
- **Silver Medal:** Japan
- **Bronze Medal:** China

The Soviet Union performed exceptionally well, winning gold in both the men's and women's events."
Rowing	Summer	1988	Quadruple Sculls	GDR	URS	ROU	ITA	NOR	GDR	GDR	ITA	USA							accepted	"At the 1988 Olympic Games held in Seoul, the medals for the Rowing Quadruple Sculls event were awarded as follows:

- **Gold Medal**: East Germany (GDR)
- **Silver Medal**: Italy
- **Bronze Medal**: United States

If you need more information about the event or the teams, feel free to ask!"
Archery	Summer	1988	Team	KOR	INA	USA	KOR	USA	GBR	KOR	CHN	TPE							accepted	"At the 1988 Summer Olympics in Seoul, the medals for the Archery Team event were awarded as follows:

- **Gold Medal**: South Korea
- **Silver Medal**: China
- **Bronze Medal**: Taiwan (Republic of China)

South Korea dominated the archery events during these Olympics, particularly in the team competitions."
Artistic Gymnastics	Summer	1988	Team All-Around	URS	ROU	GDR	URS	GDR	JPN	URS	JPN	USA							accepted	"At the 1988 Summer Olympics in Seoul, the medals for the Artistic Gymnastics Team All-Around event were awarded as follows:

- **Gold Medal**: Soviet Union (USSR)
- **Silver Medal**: Japan
- **Bronze Medal**: United States

The event showcased remarkable performances from all teams, but the Soviet team, led by their strong athletes, came out on top."
Swimming	Summer	1992	4 x 100 metres Freestyle Relay	USA	CHN	GER	USA	EUN	GER							USA	AUS	FRA	accepted	"At the 1992 Summer Olympics in Barcelona, the medals for the Men's 4 x 100 metres Freestyle Relay were awarded as follows:

- **Gold Medal**: United States
- **Silver Medal**: Australia
- **Bronze Medal**: France

The American team set a new world record time during this event."
Swimming	Summer	1992	4 x 100 metres Medley Relay	USA	GER	EUN	USA	EUN	CAN							USA	AUS	GBR	accepted	"At the 1992 Olympic Games in Barcelona, the medals for the Men's 4 x 100 metres Medley Relay were awarded as follows:

- **Gold Medal**: United States
- **Silver Medal**: Australia
- **Bronze Medal**: Great Britain

If you need more detailed information or results from another event, feel free to ask!"
Athletics	Summer	1992	4 x 100 metres Relay	USA	EUN	NGR	USA	NGR	CUB				USA	JAM	FRA	USA	GBR	CAN	accepted	"At the 1992 Summer Olympics in Barcelona, the medals for the men's 4 x 100 metres relay event were awarded as follows:

- **Gold**: United States (USA)
- **Silver**: United Kingdom (GBR)
- **Bronze**: Canada (CAN)

For the women's 4 x 100 metres relay, the results were:

- **Gold**: United States (USA)
- **Silver**: Jamaica (JAM)
- **Bronze**: France (FRA) 

If you need more details about the athletes or the race results, feel free to ask!"
Athletics	Summer	1992	4 x 400 metres Relay	EUN	USA	GBR	USA	CUB	GBR				USA	URS	JAM	USA	JAM	GBR	accepted	"At the 1992 Summer Olympics in Barcelona, the medals for the men's 4 x 400 metres relay were awarded as follows:

- **Gold**: United States
- **Silver**: Jamaica
- **Bronze**: Great Britain

For the women's 4 x 400 metres relay, the medals went to:

- **Gold**: United States
- **Silver**: Soviet Union
- **Bronze**: Jamaica

If you need more details or information, feel free to ask!"
Basketball	Summer	1992	Basketball	EUN	CHN	USA	USA	CRO	LTU				USA	RUS	CHN	USA	CRO	LTU	accepted	"At the 1992 Olympic Games held in Barcelona, the medals for the men's basketball event were awarded as follows:

- **Gold Medal**: United States (often referred to as the ""Dream Team"")
- **Silver Medal**: Croatia
- **Bronze Medal**: Lithuania

In the women's basketball event, the medal standings were:

- **Gold Medal**: United States
- **Silver Medal**: Russia
- **Bronze Medal**: China

The 1992 Olympics were notable for the inclusion of professional NBA players in men's basketball, leading to a highly competitive and widely celebrated tournament."
Rowing	Summer	1992	Coxed Eights	CAN	ROU	GER	CAN	ROU	GER	USA	GER	CAN							accepted	"At the 1992 Summer Olympics in Barcelona, the medals for the Rowing Coxed Eights event were awarded as follows:

- **Gold Medal**: The United States
- **Silver Medal**: Germany
- **Bronze Medal**: Canada

These teams competed fiercely in the event held on the Olympic rowing course."
Rowing	Summer	1992	Coxless Fours	CAN	USA	GER	AUS	USA	SLO	GBR	AUS	ITA							accepted	"At the 1992 Summer Olympics in Barcelona, the medals for the Rowing Coxless Fours event were awarded as follows:

- **Gold Medal:** Great Britain
- **Silver Medal:** Australia
- **Bronze Medal:** Italy

These results were part of the rowing competitions held during the Games."
Field Hockey	Summer	1992	Field Hockey	ESP	GER	GBR	GER	AUS	PAK				NED	ARG	NED	NED	ESP	GER	rejected	"At the 1992 Summer Olympics held in Barcelona, the medals in the Field Hockey event were awarded as follows:

- **Gold medal**: The Netherlands (men's and women's teams both won gold)
- **Silver medal**: Spain (men's team) and Argentina (women's team)
- **Bronze medal**: Germany (men's team) and the Netherlands (women's team)

The tournament featured separate competitions for men's and women's teams, and both the men's and women's teams from the Netherlands performed exceptionally well, securing the top position in their respective events."
Fencing	Summer	1992	Foil, Team	ITA	GER	ROU	GER	CUB	POL	ITA	FRA	USA							accepted	"At the 1992 Olympic Games in Barcelona, the medals in the Fencing Foil, Team event were awarded as follows:

- **Gold Medal**: Italy
- **Silver Medal**: France
- **Bronze Medal**: United States

Italy dominated the event, securing the top spot on the podium."
Handball	Summer	1992	Handball	KOR	NOR	EUN	EUN	SWE	FRA				KOR	DEN	NOR	EUN	SWE	CRO	accepted	"At the 1992 Summer Olympics held in Barcelona, Spain, the men's handball event was won by the Unified Team (a team comprised of former Soviet republics), which received the gold medal. The silver medal was awarded to Sweden, and the bronze medal went to Croatia.

In the women's handball event, the gold medal was won by the South Korean team, while the silver medal was awarded to the team from Denmark, and the bronze medal went to Norway."
Indoor Volleyball	Summer	1992	Indoor Volleyball	CUB	EUN	USA	BRA	NED	USA				CUB	RUS	CHN	EUN	NED	ITA	accepted	"At the 1992 Olympic Games held in Barcelona, the medals for the Indoor Volleyball event were awarded as follows:

**Men's Indoor Volleyball:**
- **Gold Medal:** The Unified Team (composed of former Soviet republics)
- **Silver Medal:** The Netherlands
- **Bronze Medal:** Italy

**Women's Indoor Volleyball:**
- **Gold Medal:** Cuba
- **Silver Medal:** Russia
- **Bronze Medal:** China

These events marked significant moments in Olympic volleyball history."
Rowing	Summer	1992	Quadruple Sculls	GER	ROU	EUN	GER	NOR	ITA	NED	GER	ROU							accepted	"At the 1992 Summer Olympics in Barcelona, the medals in the Rowing Quadruple Sculls event were awarded as follows:

- **Gold Medal**: The Netherlands
- **Silver Medal**: Germany
- **Bronze Medal**: Romania

This event featured teams of four rowers in a sculling boat, where each rower uses two oars."
Archery	Summer	1992	Team	KOR	CHN	EUN	ESP	FIN	GBR	KOR	USA	TPE							accepted	"At the 1992 Summer Olympics in Barcelona, the medals in the Archery Team event were awarded as follows:

- **Gold Medal**: South Korea
- **Silver Medal**: the United States
- **Bronze Medal**: Taiwan

South Korea continued its dominance in archery during the 1992 Olympics, while the USA and Taiwan also had strong performances in the team event."
Artistic Gymnastics	Summer	1992	Team All-Around	EUN	ROU	USA	EUN	CHN	JPN	EUN	USA	ROU							accepted	"At the 1992 Summer Olympics held in Barcelona, Spain, the medals for the Artistic Gymnastics Team All-Around event were awarded as follows:

- **Gold Medal**: Unified Team (a team representing several former Soviet republics)
- **Silver Medal**: United States
- **Bronze Medal**: Romania

If you need further details or information about individual performances, feel free to ask!"
Biathlon	Winter	1994	4 x 7.5 kilometres Relay	RUS	GER	FRA	GER	RUS	FRA	NOR	GER	RUS							accepted	"At the 1994 Winter Olympics in Lillehammer, Norway, the medals for the Biathlon 4 x 7.5 kilometres Relay event were awarded as follows:

- **Gold Medal**: Norway
- **Silver Medal**: Germany
- **Bronze Medal**: Russia

The competition took place on February 25, 1994."
Swimming	Summer	1996	4 x 100 metres Freestyle Relay	USA	CHN	GER	USA	RUS	GER							USA	AUS	NED	accepted	"At the 1996 Olympic Games in Atlanta, the medals for the Men's 4 x 100 metres Freestyle Relay were awarded to the following teams:

- **Gold Medal:** United States
- **Silver Medal:** Australia
- **Bronze Medal:** Netherlands

The U.S. team included notable swimmers such as Gary Hall Jr. and Michael Sr. In this event, the U.S. team set an Olympic record."
Swimming	Summer	1996	4 x 100 metres Medley Relay	USA	AUS	CHN	USA	RUS	AUS							USA	AUS	GER	accepted	"At the 1996 Olympic Games in Atlanta, the medals for the Men's 4 x 100 metres Medley Relay were awarded as follows:

- **Gold**: USA
- **Silver**: Australia
- **Bronze**: Germany

The U.S. team set a world record in this event at that Olympics."
Athletics	Summer	1996	4 x 100 metres Relay	USA	BAH	JAM	CAN	USA	BRA	USA	JAM	CAN							accepted	"At the 1996 Summer Olympics held in Atlanta, the medals for the Athletics 4 x 100 metres Relay event were awarded as follows:

- **Gold Medal**: United States
- **Silver Medal**: Jamaica
- **Bronze Medal**: Canada

The U.S. team won the event in a time of 37.40 seconds."
Swimming	Summer	1996	4 x 200 metres Freestyle Relay	USA	GER	AUS	USA	SWE	GER							USA	AUS	RUS	accepted	"At the 1996 Olympic Games in Atlanta, the medals for the men's 4 x 200 meters freestyle relay were awarded as follows:

- **Gold Medal:** United States
- **Silver Medal:** Australia
- **Bronze Medal:** Russia

The U.S. team set a world record in this event during the competition."
Athletics	Summer	1996	4 x 400 metres Relay	USA	NGR	GER	USA	GBR	JAM				USA	NGR	AUS	USA	RSA	JAM	accepted	"At the 1996 Olympic Games held in Atlanta, the medals for the men's 4 x 400 metres relay event were awarded as follows:

- **Gold Medal:** United States (USA)
- **Silver Medal:** South Africa (RSA)
- **Bronze Medal:** Jamaica (JAM)

For the women's 4 x 400 metres relay, the medals were awarded as follows:

- **Gold Medal:** United States (USA)
- **Silver Medal:** Nigeria (NGA)
- **Bronze Medal:** Australia (AUS) 

If you need more specific information about individual athletes or race details, feel free to ask!"
Basketball	Summer	1996	Basketball	USA	BRA	AUS	USA	SCG	LTU				USA	AUS	BRA	USA	RUS	LTU	accepted	"At the 1996 Olympic Games held in Atlanta, the medal winners in the men's and women's basketball events were as follows:

**Men's Basketball:**
- **Gold Medal**: United States
- **Silver Medal**: Russia
- **Bronze Medal**: Lithuania

**Women's Basketball:**
- **Gold Medal**: United States
- **Silver Medal**: Australia
- **Bronze Medal**: Brazil

The U.S. men's basketball team, known as the ""Dream Team,"" went on to win gold, continuing their dominance in the sport. The U.S. women's team also secured gold, showcasing their strength in women's basketball."
Rowing	Summer	1996	Coxed Eights	ROU	CAN	BLR	NED	GER	RUS	USA	NED	CAN							accepted	"At the 1996 Summer Olympics in Atlanta, the medals for the Rowing Coxed Eights event were awarded as follows:

- **Gold Medal**: United States
- **Silver Medal**: Netherlands
- **Bronze Medal**: Canada

The event showcased strong competition, with the host nation, the United States, securing the top podium position."
Field Hockey	Summer	1996	Field Hockey	AUS	KOR	NED	NED	ESP	AUS				ARG	NED	USA	NED	ESP	AUS	accepted	"At the 1996 Olympic Games held in Atlanta, the medals for the Field Hockey event were awarded as follows:

- **Men's Field Hockey:**
  - Gold: Netherlands
  - Silver: Spain
  - Bronze: Australia

- **Women's Field Hockey:**
  - Gold: Argentina
  - Silver: Netherlands
  - Bronze: United States

These results reflect the top performances in the field hockey competitions during the 1996 Olympics."
Fencing	Summer	1996	Foil, Team	ITA	ROU	GER	RUS	POL	CUB							ITA	FRA	RUS	accepted	"At the 1996 Summer Olympics held in Atlanta, the medals for the Men's Team Foil event in fencing were awarded as follows:

- **Gold Medal**: Italy
- **Silver Medal**: France
- **Bronze Medal**: Russia 

If you need more details or information about individual matches, feel free to ask!"
Football	Summer	1996	Football	USA	CHN	NOR	NGR	ARG	BRA				USA	NOR	SWE	NGR	ARG	BRA	accepted	"At the 1996 Olympic Games held in Atlanta, the medals for the men's and women's football (soccer) events were awarded as follows:

**Men's Football:**
- **Gold:** Nigeria
- **Silver:** Argentina
- **Bronze:** Brazil

**Women's Football:**
- **Gold:** United States
- **Silver:** Norway
- **Bronze:** Sweden

The women's football event was particularly notable as it was the first time women's football was included in the Olympic Games."
Handball	Summer	1996	Handball	DEN	KOR	HUN	CRO	SWE	ESP				NOR	HUN	RUS	DEN	SWE	CRO	accepted	"At the 1996 Summer Olympics held in Atlanta, the results for the handball events were as follows:

**Men's Handball:**
- **Gold Medal:** Denmark
- **Silver Medal:** Sweden
- **Bronze Medal:** Croatia

**Women's Handball:**
- **Gold Medal:** Norway
- **Silver Medal:** Hungary
- **Bronze Medal:** Russia

These teams showcased exceptional skill and talent during the tournament."
Indoor Volleyball	Summer	1996	Indoor Volleyball	CUB	CHN	BRA	NED	ITA	SCG				USA	BRA	CHN	NED	RUS	ITA	accepted	"At the 1996 Summer Olympics held in Atlanta, the winners in the Indoor Volleyball events were as follows:

**Men's Indoor Volleyball:**
- Gold: Netherlands
- Silver: Russia
- Bronze: Italy

**Women's Indoor Volleyball:**
- Gold: United States
- Silver: Brazil
- Bronze: China

These teams competed fiercely, with the U.S. women's team achieving their first Olympic gold medal in volleyball."
Rowing	Summer	1996	Quadruple Sculls	GER	UKR	CAN	GER	USA	AUS	USA	NED	GER							accepted	"At the 1996 Olympic Games in Atlanta, the medals for the Rowing Quadruple Sculls event were awarded as follows:

- **Gold Medal**: The United States team
- **Silver Medal**: The Netherlands team
- **Bronze Medal**: The Germany team

These teams competed in the final event of the quadruple sculls, showcasing a thrilling competition in rowing."
Archery	Summer	1996	Team	KOR	GER	POL	USA	KOR	ITA	KOR	USA	CHN							accepted	"At the 1996 Olympic Games in Atlanta, the medals in the Archery Team event were awarded as follows:

- **Gold Medal**: South Korea
- **Silver Medal**: United States
- **Bronze Medal**: China

South Korea's archery team dominated the competition, securing the gold medal and continuing their historical success in the sport."
Artistic Gymnastics	Summer	1996	Team All-Around	USA	RUS	ROU	RUS	CHN	UKR				USA	RUS	ROU				accepted	"At the 1996 Olympic Games in Atlanta, the medals in the Artistic Gymnastics Team All-Around event were awarded as follows:

- **Gold Medal:** United States
- **Silver Medal:** Russia
- **Bronze Medal:** Romania

The U.S. women's gymnastics team notably won their first-ever gold medal in this event during these Games."
Fencing	Summer	1996	Épée, Team	FRA	ITA	RUS	ITA	RUS	FRA				ROU	FRA	GER	FRA	ITA	HUN	accepted	"At the 1996 Olympic Games held in Atlanta, the medals for the men's team épée event were awarded as follows:

- **Gold Medal**: France
- **Silver Medal**: Italy
- **Bronze Medal**: Hungary

For the women's team épée event, the medals were:

- **Gold Medal**: Romania
- **Silver Medal**: France
- **Bronze Medal**: Germany

If you need specific information about individual fencers or more details, feel free to ask!"
Biathlon	Winter	1998	4 x 7.5 kilometres Relay	GER	RUS	NOR	GER	NOR	RUS	GER	NOR	RUS							accepted	"At the 1998 Winter Olympics in Nagano, the medals for the Biathlon 4 x 7.5 kilometres Relay event were awarded as follows:

- **Gold**: Germany
- **Silver**: Norway
- **Bronze**: Russia

This event showcased a strong performance by the German team, clinching the gold medal."
Curling	Winter	1998	Curling	CAN	DEN	SWE	SUI	CAN	NOR				CAN	SWE		CAN	SWE	NOR	accepted	"At the 1998 Winter Olympics held in Nagano, Japan, curling was included as an official Olympic sport for the first time. The medal winners in the curling events were:

**Men's Curling:**
- **Gold Medal:** Canada
- **Silver Medal:** Sweden
- **Bronze Medal:** Norway

**Women's Curling:**
- **Gold Medal:** Canada
- **Silver Medal:** Sweden
- **Bronze Medal:** Escaped my response, I will provide it here.

In both the men's and women's events, Canada won the gold medal, thereby marking a significant achievement in the sport's Olympic debut."
Ice Hockey	Winter	1998	Ice Hockey	USA	CAN	FIN	CZE	RUS	FIN							CZE	RUS	SWE	accepted	"At the 1998 Winter Olympics held in Nagano, Japan, the medals for the men's ice hockey event were awarded as follows:

- **Gold Medal**: Czech Republic
- **Silver Medal**: Russia
- **Bronze Medal**: Sweden

This tournament was notable as it was the first Olympic Games to feature NHL players."
Swimming	Summer	2000	4 x 100 metres Freestyle Relay	USA	NED	SWE	AUS	USA	BRA							AUS	USA	NED	accepted	"At the 2000 Olympic Games in Sydney, the medals for the Men's 4 x 100 metres Freestyle Relay were awarded as follows:

- **Gold Medal**: Australia
- **Silver Medal**: United States
- **Bronze Medal**: Netherlands

The Australian team set a new world record in that event."
Swimming	Summer	2000	4 x 100 metres Medley Relay	USA	AUS	JPN	USA	AUS	GER							USA	AUS	GBR	accepted	"At the 2000 Olympic Games in Sydney, the medals for the Men's 4 x 100 metres Medley Relay were awarded as follows:

- **Gold Medal:** United States
- **Silver Medal:** Australia
- **Bronze Medal:** Great Britain

If you need information about the Women's event or any other details, feel free to ask!"
Athletics	Summer	2000	4 x 100 metres Relay	BAH	JAM	USA	USA	BRA	CUB				USA	JAM	GBR	USA	JAM	CAN	accepted	"At the 2000 Olympic Games held in Sydney, the medals for the men's 4 x 100 metres relay event were awarded as follows:

- **Gold**: United States
- **Silver**: Jamaica
- **Bronze**: Canada

In the women's 4 x 100 metres relay event, the medals were:

- **Gold**: United States
- **Silver**: Jamaica
- **Bronze**: Great Britain

If you need more information about the races or athletes, feel free to ask!"
Swimming	Summer	2000	4 x 200 metres Freestyle Relay	USA	AUS	GER	AUS	USA	NED							AUS	USA	RUS	accepted	"At the 2000 Olympic Games in Sydney, the medals for the Men's 4 x 200 metres Freestyle Relay were awarded as follows:

- **Gold**: Australia
- **Silver**: United States
- **Bronze**: Russia

Australia set a new world record in this event at the time."
Athletics	Summer	2000	4 x 400 metres Relay	USA	JAM	RUS	NGR	JAM	BAH	USA	RUS	JAM							accepted	"At the 2000 Olympic Games in Sydney, the medals for the Athletics 4 x 400 metres relay event were awarded as follows:

- **Gold Medal**: United States
- **Silver Medal**: Russia
- **Bronze Medal**: Jamaica

This event featured strong performances from all the teams, with the United States taking the top spot."
Basketball	Summer	2000	Basketball	USA	AUS	BRA	USA	FRA	LTU				USA	AUS	RUS	USA	FRA	LTU	accepted	"At the 2000 Sydney Olympic Games, the medals for the basketball event were awarded as follows:

**Men's Basketball:**
- Gold: United States
- Silver: France
- Bronze: Lithuania

**Women's Basketball:**
- Gold: United States
- Silver: Australia
- Bronze: Russia

The United States teams dominated both the men's and women's competitions, continuing their strong basketball tradition."
Rowing	Summer	2000	Coxed Eights	ROU	NED	CAN	GBR	AUS	CRO	USA	GER	CAN							accepted	"At the 2000 Olympic Games in Sydney, the medals in the Rowing Coxed Eights event were awarded as follows:

- **Gold Medal**: United States
- **Silver Medal**: Germany
- **Bronze Medal**: Canada

If you need more detailed information about the event or the teams, feel free to ask!"
Field Hockey	Summer	2000	Field Hockey	AUS	ARG	NED	NED	KOR	AUS				NED	AUS	ARG	AUS	ESP	NED	accepted	"At the 2000 Summer Olympics held in Sydney, the medal winners in the Field Hockey events were as follows:

**Men's Field Hockey:**
- **Gold Medal:** Australia
- **Silver Medal:** Spain
- **Bronze Medal:** The Netherlands

**Women's Field Hockey:**
- **Gold Medal:** The Netherlands
- **Silver Medal:** Australia
- **Bronze Medal:** Argentina

These teams competed fiercely, contributing to a memorable Olympic tournament in field hockey."
Fencing	Summer	2000	Foil, Team	ITA	POL	GER	FRA	CHN	ITA							ITA	FRA	USA	accepted	"At the 2000 Olympic Games in Sydney, the medals for the Men's Foil Team event were awarded as follows:

- **Gold Medal**: Italy
- **Silver Medal**: France
- **Bronze Medal**: United States

If you're interested in the Women's Foil Team event or any other specifics, feel free to ask!"
Football	Summer	2000	Football	NOR	USA	GER	CMR	ESP	CHI				USA	NOR	SWE	ESP	CMR	COL	accepted	At the 2000 Olympic Games, the men's football event saw Spain win the gold medal, with Cameroon taking the silver. Colombia secured the bronze medal. In the women's football event, the United States won the gold medal, followed by Norway with silver and Sweden with bronze.
Handball	Summer	2000	Handball	DEN	HUN	NOR	RUS	SWE	ESP				NOR	KOR	RUS	FRA	RUS	SWE	accepted	"At the 2000 Olympic Games in Sydney, the medal winners in the handball events were:

**Men's Handball:**
- **Gold:** France
- **Silver:** Russia
- **Bronze:** Sweden

**Women's Handball:**
- **Gold:** Norway
- **Silver:** South Korea
- **Bronze:** Russia

These teams competed in a highly competitive tournament to secure their standings."
Indoor Volleyball	Summer	2000	Indoor Volleyball	CUB	RUS	BRA	SCG	RUS	ITA				CUB	RUS	BRA	RUS	ITA	BRA	accepted	"At the 2000 Olympic Games held in Sydney, Australia, the medalists in the Indoor Volleyball events were:

**Men's Indoor Volleyball:**
- **Gold:** Russia
- **Silver:** Italy
- **Bronze:** Brazil

**Women's Indoor Volleyball:**
- **Gold:** Cuba
- **Silver:** Russia
- **Bronze:** Brazil

These results reflect the high level of competition in indoor volleyball during that Olympic year."
Rowing	Summer	2000	Quadruple Sculls	GER	GBR	RUS	ITA	NED	GER	GER	ROU	CAN							accepted	"At the 2000 Olympic Games held in Sydney, Australia, the medals in the Rowing Quadruple Sculls event were awarded as follows:

- **Gold Medal**: Germany
- **Silver Medal**: Romania
- **Bronze Medal**: Canada

These teams competed in a highly competitive event, showcasing their skills and teamwork in rowing."
Archery	Summer	2000	Team	KOR	UKR	GER	KOR	ITA	USA	KOR	ITA	CHN							accepted	"At the 2000 Olympic Games in Sydney, the medals in the Archery Team event were awarded as follows:

- **Gold Medal**: South Korea
- **Silver Medal**: Italy
- **Bronze Medal**: China

South Korea dominated the archery events during these Olympics, continuing their strong tradition in the sport."
Artistic Gymnastics	Summer	2000	Team All-Around	ROU	RUS	USA	CHN	UKR	RUS				USA	RUS	ROU				accepted	"At the 2000 Olympic Games held in Sydney, Australia, the medals for the Artistic Gymnastics Team All-Around event were won by the following teams:

- **Gold Medal**: United States
- **Silver Medal**: Russia
- **Bronze Medal**: Romania

The U.S. women's gymnastics team, often referred to as the ""Magnificent Seven,"" won the gold, marking a significant moment in gymnastics history."
Water Polo	Summer	2000	Water Polo	AUS	USA	RUS	HUN	RUS	SCG				USA	AUS	RUS	SCG	HUN	CRO	accepted	"At the 2000 Summer Olympics held in Sydney, Australia, the medals for the men's and women's water polo events were awarded as follows:

**Men's Water Polo:**
- **Gold Medal:** Serbia and Montenegro
- **Silver Medal:** Hungary
- **Bronze Medal:** Croatia

**Women's Water Polo:**
- **Gold Medal:** United States
- **Silver Medal:** Australia
- **Bronze Medal:** Russia

These results were part of the inaugural women's water polo tournament at the Olympics."
Fencing	Summer	2000	Épée, Team	RUS	SUI	CHN	ITA	FRA	CUB	FRA	ITA	GER							accepted	"At the 2000 Olympic Games held in Sydney, the medals for the Fencing Épée Team event were awarded as follows:

- **Gold Medal**: France
- **Silver Medal**: Italy
- **Bronze Medal**: Germany

If you need more information about the event or the performances, feel free to ask!"
Biathlon	Winter	2002	4 x 7.5 kilometres Relay	GER	NOR	RUS	NOR	GER	FRA	NOR	GER	RUS							accepted	"At the 2002 Winter Olympics held in Salt Lake City, the medals for the Biathlon 4 x 7.5 kilometres Relay event were awarded as follows:

- **Gold Medal:** Norway
- **Silver Medal:** Germany
- **Bronze Medal:** Russia

These teams showcased their skills and teamwork in this competitive event."
Curling	Winter	2002	Curling	GBR	SUI	CAN	NOR	CAN	SUI				CAN	SWE	SUI	CAN	NOR	FIN	accepted	"At the 2002 Winter Olympics held in Salt Lake City, the following teams won medals in the curling events:

**Men's Curling:**
- Gold: Canada
- Silver: Norway
- Bronze: Finland

**Women's Curling:**
- Gold: Canada
- Silver: Sweden
- Bronze: Switzerland

Canada dominated both the men's and women's curling events, winning gold medals in each."
Ice Hockey	Winter	2002	Ice Hockey	CAN	USA	SWE	CAN	USA	RUS				CAN	USA		CAN	USA	RUS	accepted	"At the 2002 Winter Olympics in Salt Lake City, the medals for the men's ice hockey event were awarded as follows:

- **Gold Medal**: Canada
- **Silver Medal**: United States
- **Bronze Medal**: Russia

In the women's ice hockey event, the medals were:

- **Gold Medal**: Canada
- **Silver Medal**: United States

These tournaments were notable for Canada's dominant performances in both male and female competitions."
Swimming	Summer	2004	4 x 100 metres Freestyle Relay	AUS	USA	NED	RSA	NED	USA							USA	AUS	NED	accepted	"At the 2004 Olympic Games in Athens, the medals for the men's 4 x 100 metres freestyle relay were awarded as follows:

- **Gold**: United States
- **Silver**: Australia
- **Bronze**: Netherlands

The U.S. team set a new world record during the event."
Swimming	Summer	2004	4 x 100 metres Medley Relay	AUS	USA	GER	USA	GER	JPN							USA	AUS	JPN	accepted	"At the 2004 Olympic Games in Athens, the medals for the Men's 4 x 100 metres Medley Relay were awarded as follows:

- **Gold Medal**: United States
- **Silver Medal**: Australia
- **Bronze Medal**: Japan

If you need information about the women's event or any other details, feel free to ask!"
Athletics	Summer	2004	4 x 100 metres Relay	JAM	RUS	FRA	GBR	USA	NGR				USA	JAM	NGR	JAM	USA	GBR	accepted	"At the 2004 Olympic Games held in Athens, the medals for the Men's and Women's 4 x 100 meters relay events were awarded as follows:

**Men's 4 x 100 meters relay:**
- **Gold:** Jamaica
- **Silver:** United States
- **Bronze:** Great Britain

**Women's 4 x 100 meters relay:**
- **Gold:** United States
- **Silver:** Jamaica
- **Bronze:** Nigeria

These results reflect the competitive performances of the teams during the event."
Swimming	Summer	2004	4 x 200 metres Freestyle Relay	USA	CHN	GER	USA	AUS	ITA							USA	AUS	GBR	accepted	"At the 2004 Olympic Games in Athens, the medals for the Men's 4 x 200 meters Freestyle Relay were awarded as follows:

- **Gold Medal:** United States
- **Silver Medal:** Australia
- **Bronze Medal:** Great Britain

The US team set a world record in the event with a time of 6:58.68."
Athletics	Summer	2004	4 x 400 metres Relay	USA	RUS	JAM	USA	AUS	NGR				USA	RUS	JAM	USA	JAM	BAH	accepted	"At the 2004 Olympic Games in Athens, the medals for the men's and women's 4 x 400 metres relay events were awarded as follows:

**Men's 4 x 400 metres Relay:**
- **Gold:** United States
- **Silver:** Jamaica
- **Bronze:** Bahamas

**Women's 4 x 400 metres Relay:**
- **Gold:** United States
- **Silver:** Russia
- **Bronze:** Jamaica

The U.S. teams excelled in both categories, securing gold medals."
Basketball	Summer	2004	Basketball	USA	AUS	RUS	ARG	ITA	USA				USA	AUS	RUS	ARG	ITA	USA	accepted	"At the 2004 Olympic Games held in Athens, Greece, the medal winners in the basketball event were:

- **Men's Basketball:**
  - Gold Medal: Argentina
  - Silver Medal: Italy
  - Bronze Medal: United States

- **Women's Basketball:**
  - Gold Medal: USA
  - Silver Medal: Australia
  - Bronze Medal: Russia

Argentina's victory in the men's competition was particularly noteworthy, as it marked the first time a team other than the USA won the Olympic gold in basketball since 1992."
Rowing	Summer	2004	Coxed Eights	ROU	USA	NED	USA	NED	AUS	GBR	AUS	CAN							accepted	"At the 2004 Olympic Games in Athens, the medals for the Rowing Coxed Eights event were awarded as follows:

- **Gold Medal**: Great Britain
- **Silver Medal**: Australia
- **Bronze Medal**: Canada

These teams competed in the final event, showcasing their rowing skills and teamwork."
Field Hockey	Summer	2004	Field Hockey	GER	NED	ARG	AUS	NED	GER				NED	AUS	GBR	AUS	NED	GER	accepted	"At the 2004 Olympic Games in Athens, the medals in the Field Hockey event were awarded as follows:

**Men's Field Hockey:**
- Gold Medal: Australia
- Silver Medal: Netherlands
- Bronze Medal: Germany

**Women's Field Hockey:**
- Gold Medal: Netherlands
- Silver Medal: Australia
- Bronze Medal: Britain

If you need more details about the matches or specific players, feel free to ask!"
Football	Summer	2004	Football	USA	BRA	GER	ARG	PAR	ITA				USA	NOR	SWE	ARG	PAR	ITA	accepted	"At the 2004 Olympic Games held in Athens, Greece, the medals for the football (soccer) events were awarded as follows:

**Men's Football:**
- Gold Medal: Argentina
- Silver Medal: Paraguay
- Bronze Medal: Italy

**Women's Football:**
- Gold Medal: USA
- Silver Medal: Norway
- Bronze Medal: Sweden

These victories highlighted the strength of Argentina in men's football and the dominance of the USA in women's football during those Olympics."
Handball	Summer	2004	Handball	DEN	KOR	UKR	CRO	GER	RUS				NOR	GRE	RUS	CRO	GER	ESP	accepted	"At the 2004 Olympic Games held in Athens, the medals for the handball events were awarded as follows:

**Men's Handball:**
- **Gold:** Croatia
- **Silver:** Germany
- **Bronze:** Spain

**Women's Handball:**
- **Gold:** Norway
- **Silver:** Greece
- **Bronze:** Russia

These events highlighted the competitive nature of handball, showcasing strong performances from several nations."
Indoor Volleyball	Summer	2004	Indoor Volleyball	CHN	RUS	CUB	BRA	ITA	RUS				CHN	RUS	BRA	BRA	ITA	RUS	accepted	"At the 2004 Olympic Games in Athens, the medal winners for the Indoor Volleyball events were:

**Men's Indoor Volleyball:**
- **Gold:** Brazil
- **Silver:** Italy
- **Bronze:** Russia

**Women's Indoor Volleyball:**
- **Gold:** China
- **Silver:** Russia
- **Bronze:** Brazil

These results reflect the outcomes of the indoor volleyball tournaments held during those Olympics."
Rowing	Summer	2004	Quadruple Sculls	GER	GBR	AUS	RUS	CZE	UKR	NED	GER	GBR							accepted	"At the 2004 Olympic Games in Athens, the medals for the Rowing Quadruple Sculls event were awarded as follows:

- **Gold Medal**: The Netherlands
- **Silver Medal**: Germany
- **Bronze Medal**: Great Britain

If you need more details about the event or the athletes, feel free to ask!"
Archery	Summer	2004	Team	KOR	CHN	TPE	KOR	TPE	UKR	KOR	ITA	USA							accepted	"At the 2004 Summer Olympics in Athens, the medals for the Archery Team event were awarded as follows:

- **Gold Medal**: South Korea
- **Silver Medal**: Italy
- **Bronze Medal**: United States

South Korea has been dominant in archery during the Olympic Games, and they continued that trend in Athens with their victory in the team event."
Artistic Gymnastics	Summer	2004	Team All-Around	ROU	USA	RUS	JPN	USA	ROU	USA	RUS	CHN							accepted	"At the 2004 Olympic Games in Athens, the medals for the Artistic Gymnastics Team All-Around event were awarded as follows:

- **Gold Medal**: United States
- **Silver Medal**: Russia
- **Bronze Medal**: China

These teams showcased exceptional performances, contributing to an exciting gymnastics competition."
Water Polo	Summer	2004	Water Polo	ITA	GRE	USA	HUN	SCG	RUS				USA	AUS	ITA	HUN	GRE	SCG	accepted	"At the 2004 Olympic Games held in Athens, the medals for the water polo event were awarded as follows:

- **Men's Water Polo**: 
  - Gold Medal: Hungary
  - Silver Medal: Greece
  - Bronze Medal: Serbia and Montenegro

- **Women's Water Polo**: 
  - Gold Medal: USA
  - Silver Medal: Australia
  - Bronze Medal: Italy

These results highlighted the competitive nature of water polo during the Athens Olympic Games."
Fencing	Summer	2004	Épée, Team	RUS	GER	FRA	FRA	HUN	GER							FRA	ITA	KOR	accepted	"At the 2004 Olympic Games in Athens, the medals for the Men's Team Épée event were awarded as follows:

- **Gold Medal**: France
- **Silver Medal**: Italy
- **Bronze Medal**: South Korea

The French team won the event, defeating the Italian team in the final match."
Curling	Winter	2006	Curling	SWE	SUI	CAN	CAN	FIN	USA				SWE	FIN	CAN	CAN	FIN	SWE	accepted	"At the 2006 Winter Olympics held in Turin, Italy, the medals for the curling events were awarded as follows:

- **Men's Curling**:
  - **Gold**: Canada
  - **Silver**: Finland
  - **Bronze**: Sweden

- **Women's Curling**:
  - **Gold**: Sweden
  - **Silver**: Finland
  - **Bronze**: Canada

Canada won gold in men's curling, while Sweden took gold in women's curling."
Ice Hockey	Winter	2006	Ice Hockey	CAN	SWE	USA	SWE	FIN	CZE				CAN	SWE	USA	SWE	FIN	CZE	accepted	"At the 2006 Winter Olympics held in Turin, Italy, the medals for the men's ice hockey event were awarded as follows:

- **Gold Medal**: Sweden
- **Silver Medal**: Finland
- **Bronze Medal**: Czech Republic

In the women's ice hockey event, the medals were awarded as follows:

- **Gold Medal**: Canada
- **Silver Medal**: Sweden
- **Bronze Medal**: United States

If you need information about specific games or players, feel free to ask!"
Swimming	Summer	2008	4 x 100 metres Freestyle Relay	NED	USA	AUS	USA	FRA	AUS							USA	FRA	AUS	accepted	"At the 2008 Olympic Games in Beijing, the medals for the Men's 4 x 100 metres Freestyle Relay event were awarded as follows:

- **Gold Medal**: United States (USA) - The team included Michael Phelps, Garrett Weber-Gale, Cullen Jones, and Jason Lezak.
- **Silver Medal**: France (FRA) - The team included Fabien Gilot, Alain Bernard, Christopher Meaghan, and Fred Bousquet.
- **Bronze Medal**: Australia (AUS) - The team included Eamon Sullivan, Andrew Lauterstein, Matt Targett, and Michael Klim.

This relay is notable for its exciting finish, with the USA winning by just a fraction of a second."
Swimming	Summer	2008	4 x 100 metres Medley Relay	AUS	USA	CHN	USA	AUS	JPN							USA	AUS	JPN	accepted	"At the 2008 Beijing Olympics, the medals in the Men's 4 x 100 metres Medley Relay event were awarded as follows:

- **Gold Medal**: United States
- **Silver Medal**: Australia
- **Bronze Medal**: Japan

The U.S. team, which included swimmers such as Michael Phelps and Ryan Lochte, set a new world record in this event."
Athletics	Summer	2008	4 x 100 metres Relay	BEL	NGR	BRA	TTO	JPN	BRA				JAM	USA	GBR	JAM	BRA	TTO	accepted	"At the 2008 Beijing Olympics, the medals for the Men's 4 x 100 metres Relay were awarded as follows:

- **Gold Medal:** Jamaica (team comprised of Usain Bolt, Asafa Powell, Michael Frater, and Nesta Carter)
- **Silver Medal:** Brazil
- **Bronze Medal:** Trinidad and Tobago

In the Women's 4 x 100 metres Relay, the medalists were:

- **Gold Medal:** Jamaica (team included Shelly-Ann Fraser, Sherone Simpson, Kerron Stewart, and anchor leg runner)
- **Silver Medal:** U.S.A.
- **Bronze Medal:** Great Britain

The Jamaican men's team notably set a world record with their time of 37.10 seconds in the final."
Swimming	Summer	2008	4 x 200 metres Freestyle Relay	AUS	CHN	USA	USA	RUS	AUS							USA	AUS	GBR	accepted	"At the 2008 Beijing Olympics, the medals for the men's 4 x 200 metres freestyle relay were awarded as follows:

- **Gold:** United States (USA)
- **Silver:** Australia (AUS)
- **Bronze:** Great Britain (GBR)

The U.S. team set a world record in this event during the race."
Athletics	Summer	2008	4 x 400 metres Relay	USA	JAM	GBR	USA	BAH	GBR							USA	JAM	BAH	accepted	"At the 2008 Beijing Olympics, the medals for the Men's 4 x 400 metres Relay event were awarded as follows:

- **Gold**: United States
- **Silver**: Jamaica
- **Bronze**: Bahamas

The American team won the event, confirming their dominance in the sprint relay."
Basketball	Summer	2008	Basketball	USA	AUS	RUS	USA	ESP	ARG				USA	AUS	RUS	USA	ESP	ARG	accepted	"At the 2008 Beijing Olympics, the men's basketball event medals were awarded as follows:

- **Gold Medal**: United States
- **Silver Medal**: Spain
- **Bronze Medal**: Argentina

In the women's basketball event, the medals were awarded as follows:

- **Gold Medal**: United States
- **Silver Medal**: Australia
- **Bronze Medal**: Russia

The U.S. teams dominated both the men's and women's tournaments, securing the gold medals in each event."
Rowing	Summer	2008	Coxed Eights	USA	NED	ROU	CAN	GBR	USA	GBR	AUS	CAN							accepted	"At the 2008 Beijing Olympics, the medals for the Rowing Coxed Eights event were awarded as follows:

- **Gold Medal**: British team
- **Silver Medal**: Australian team
- **Bronze Medal**: Canadian team

The British team won the event, continuing their strong tradition in rowing."
Field Hockey	Summer	2008	Field Hockey	NED	CHN	ARG	GER	ESP	AUS				NED	ARG	GBR	GER	ESP	AUS	accepted	"At the 2008 Beijing Olympics, the medal winners in the Field Hockey event were as follows:

**Men's Field Hockey:**
- Gold Medal: Germany
- Silver Medal: Spain
- Bronze Medal: Australia

**Women's Field Hockey:**
- Gold Medal: Netherlands
- Silver Medal: Argentina
- Bronze Medal: Great Britain

These teams achieved notable success in their respective tournaments during the Olympics."
Football	Summer	2008	Football	USA	BRA	GER	ARG	NGR	BRA				USA	BRA	GER	ARG	NGR	BRA	accepted	"At the 2008 Olympic Games held in Beijing, the medals for the football (soccer) events were awarded as follows:

**Men's Football:**
- **Gold Medal:** Argentina
- **Silver Medal:** Nigeria
- **Bronze Medal:** Brazil

**Women's Football:**
- **Gold Medal:** United States
- **Silver Medal:** Brazil
- **Bronze Medal:** Germany

Argentina continued its dominance in men's Olympic football by winning the gold, while the United States women's team secured their title in a strong performance."
Handball	Summer	2008	Handball	NOR	RUS	KOR	FRA	ISL	ESP				NOR	RUS	BRA	FRA	ISL	CRO	accepted	"At the 2008 Beijing Olympics, the medals for the handball events were awarded as follows:

**Men's Handball:**
- **Gold Medal**: France
- **Silver Medal**: Iceland
- **Bronze Medal**: Croatia

**Women's Handball:**
- **Gold Medal**: Norway
- **Silver Medal**: Russia
- **Bronze Medal**: Brazil

These teams showcased outstanding performances throughout the tournament."
Indoor Volleyball	Summer	2008	Indoor Volleyball	BRA	USA	CHN	USA	BRA	RUS				BRA	USA	JPN	USA	BRA	RUS	accepted	"At the 2008 Beijing Olympics, the medal winners for the Indoor Volleyball events were as follows:

**Men's Indoor Volleyball:**
- **Gold Medal:** USA
- **Silver Medal:** Brazil
- **Bronze Medal:** Russia

**Women's Indoor Volleyball:**
- **Gold Medal:** Brazil
- **Silver Medal:** USA
- **Bronze Medal:** Japan

If you need more specific information about the matches or players, feel free to ask!"
Rowing	Summer	2008	Quadruple Sculls	CHN	GBR	GER	POL	ITA	FRA	GER	POL	ITA							accepted	"At the 2008 Beijing Olympic Games, the medals in the Rowing Quadruple Sculls event were won by the following teams:

- **Gold Medal**: Germany
- **Silver Medal**: Poland
- **Bronze Medal**: Italy

These teams competed in the finals held on August 17, 2008."
Fencing	Summer	2008	Sabre, Team	UKR	CHN	USA	FRA	USA	ITA							ITA	USA	KOR	accepted	"At the 2008 Beijing Olympics, the medals in the Men's Sabre Team event were awarded as follows:

- **Gold Medal**: Italy
- **Silver Medal**: USA
- **Bronze Medal**: South Korea

The Italian team won the final match against the United States to take the gold medal."
Archery	Summer	2008	Team	KOR	CHN	FRA	KOR	ITA	CHN	KOR	ITA	USA							accepted	"At the 2008 Olympic Games in Beijing, the medals in the Archery Team event were awarded as follows:

- **Gold Medal**: South Korea
- **Silver Medal**: Italy
- **Bronze Medal**: USA

The South Korean archery team continued its strong tradition in the sport by winning the gold medal."
Table Tennis	Summer	2008	Team	CHN	SGP	KOR	CHN	GER	KOR	CHN	KOR	JPN							accepted	"At the 2008 Beijing Olympics, the medals in the Table Tennis Team event were awarded as follows:

- **Gold Medal**: China
- **Silver Medal**: South Korea
- **Bronze Medal**: Japan

The Chinese team dominated the event, securing the gold medal in both the men's and women's team competitions."
Artistic Gymnastics	Summer	2008	Team All-Around	CHN	USA	ROU	CHN	JPN	USA	CHN	USA	RUS							accepted	"In the Artistic Gymnastics Team All-Around event at the 2008 Olympic Games, the medals were awarded as follows:

- **Gold Medal**: China
- **Silver Medal**: United States
- **Bronze Medal**: Russia

The competition took place in Beijing, and the Chinese team secured victory with a strong performance."
Water Polo	Summer	2008	Water Polo	NED	USA	AUS	HUN	USA	SRB				NED	USA	AUS	HUN	ESP	CRO	accepted	"At the 2008 Olympic Games held in Beijing, the medal winners for the Water Polo events were:

**Men's Water Polo:**
- **Gold:** Hungary
- **Silver:** Spain
- **Bronze:** Croatia

**Women's Water Polo:**
- **Gold:** The Netherlands
- **Silver:** USA
- **Bronze:** Australia

If you need more information about the events or individual performances, feel free to ask!"
Curling	Winter	2010	Curling	SWE	CAN	CHN	CAN	NOR	SUI				CAN	SWE	SUI	CAN	NOR	SUI	accepted	"At the 2010 Winter Olympics held in Vancouver, Canada, the results for the curling events were as follows:

**Men's Curling:**
- Gold Medal: Canada
- Silver Medal: Norway
- Bronze Medal: Switzerland

**Women's Curling:**
- Gold Medal: Canada
- Silver Medal: Sweden
- Bronze Medal: Switzerland

Canada had a particularly strong showing, winning gold in both the men's and women's events."
Ice Hockey	Winter	2010	Ice Hockey	CAN	USA	FIN	CAN	USA	FIN	CAN	USA	FIN							accepted	"At the 2010 Winter Olympics held in Vancouver, Canada, the medals for the Ice Hockey event were awarded as follows:

- **Gold Medal**: Canada
- **Silver Medal**: USA
- **Bronze Medal**: Finland

Canada won the gold medal after defeating the USA in the final match."
Swimming	Summer	2012	4 x 100 metres Freestyle Relay	AUS	NED	USA	FRA	USA	RUS							FRA	USA	AUS	accepted	"At the 2012 Olympic Games in London, the medals for the Men's 4 x 100 metres Freestyle Relay were awarded as follows:

- **Gold Medal**: France
- **Silver Medal**: United States
- **Bronze Medal**: Australia

The French team celebrated a surprising victory over the favored American team in this event."
Swimming	Summer	2012	4 x 100 metres Medley Relay	USA	AUS	JPN	USA	JPN	AUS	USA	AUS	JPN							accepted	"At the 2012 Olympic Games in London, the medals in the Swimming 4 x 100 metres Medley Relay event were awarded as follows:

- **Gold Medal**: United States
- **Silver Medal**: Australia
- **Bronze Medal**: Japan

The U.S. team set a new world record time during the race."
Athletics	Summer	2012	4 x 100 metres Relay	USA	JAM	UKR	JAM	TTO	FRA	JAM	USA	TTO							accepted	"At the 2012 Olympic Games in London, the medals for the Athletics 4 x 100 metres Relay event were awarded as follows:

- **Gold**: Jamaica (team members were Nesta Carter, Michael Frater, Yohan Blake, and Usain Bolt)
- **Silver**: United States (team members were Trell Kimmons, Tyson Gay, Justin Gatlin, and Carmelita Jeter)
- **Bronze**: Trinidad and Tobago (team members were Keston Bledman, Emmanuel Callender, Richard Thompson, and Darrel Brown)

Jamaica set a new Olympic record with a time of 36.84 seconds."
Swimming	Summer	2012	4 x 200 metres Freestyle Relay	USA	AUS	FRA	USA	FRA	CHN							USA	FRA	CHN	accepted	"At the 2012 Olympic Games in London, the medals for the Men's 4 x 200 metres Freestyle Relay were awarded as follows:

- **Gold Medal**: United States
- **Silver Medal**: France
- **Bronze Medal**: China

The U.S. team set a new world record during the event."
Athletics	Summer	2012	4 x 400 metres Relay	USA	JAM	UKR	BAH	USA	TTO				USA	RUS	JAM	USA	BAH	GBR	accepted	"At the 2012 Olympic Games in London, the medals for the Men's 4 x 400 metres relay were awarded as follows:

- **Gold**: United States
- **Silver**: Bahamas
- **Bronze**: Great Britain & Northern Ireland

In the Women's 4 x 400 metres relay event, the medalists were:

- **Gold**: United States
- **Silver**: Russia
- **Bronze**: Jamaica

If you need more specific details or additional information, feel free to ask!"
Basketball	Summer	2012	Basketball	USA	FRA	AUS	USA	ESP	RUS				USA	FRA	AUS	USA	ESP	RUS	accepted	"In the men's basketball event at the 2012 Olympic Games held in London, the medals were awarded as follows:

- **Gold Medal:** United States
- **Silver Medal:** Spain
- **Bronze Medal:** Russia

In the women's basketball event, the medals were:

- **Gold Medal:** United States
- **Silver Medal:** France
- **Bronze Medal:** Australia

The U.S. teams continued their dominance in Olympic basketball with both the men's and women's teams winning gold."
Rowing	Summer	2012	Coxed Eights	USA	CAN	NED	GER	CAN	GBR	USA	GBR	NED							accepted	"At the 2012 Olympic Games in London, the medals in the Rowing Coxed Eights event were awarded as follows:

- **Gold Medal**: United States
- **Silver Medal**: Great Britain
- **Bronze Medal**: Netherlands

The event showcased thrilling competition, with the United States team taking home the gold."
Field Hockey	Summer	2012	Field Hockey	NED	ARG	GBR	GER	NED	AUS				NED	ARG	GBR	GER	NED	GBR	accepted	"At the 2012 Olympic Games held in London, the medals for the Field Hockey event were awarded as follows:

- **Men's Field Hockey:**
  - Gold Medal: Germany
  - Silver Medal: Netherlands
  - Bronze Medal: Britain

- **Women's Field Hockey:**
  - Gold Medal: Netherlands
  - Silver Medal: Argentina
  - Bronze Medal: Britain

The men's final saw Germany defeat the Netherlands, while the women's final featured the Netherlands emerging victorious against Argentina."
Fencing	Summer	2012	Foil, Team	ITA	RUS	KOR	ITA	JPN	GER				ITA	RUS	FRA	ITA	KOR	USA	accepted	"At the 2012 Olympic Games in London, the medals in the Men's Foil Team event were awarded as follows:

- **Gold Medal**: Italy
- **Silver Medal**: South Korea
- **Bronze Medal**: United States

For the Women's Foil Team event:

- **Gold Medal**: Italy
- **Silver Medal**: Russia
- **Bronze Medal**: France

If you need more detailed information about the events or the athletes, feel free to ask!"
Football	Summer	2012	Football	USA	JPN	CAN	MEX	BRA	KOR				USA	JPN	FRA	MEX	BRA	KOR	accepted	"At the 2012 Olympic Games in London, the medal winners in the men's and women's football events were as follows:

**Men's Football:**
- **Gold Medal:** Mexico
- **Silver Medal:** Brazil
- **Bronze Medal:** South Korea

**Women's Football:**
- **Gold Medal:** United States
- **Silver Medal:** Japan
- **Bronze Medal:** France

The men's tournament concluded with Mexico defeating Brazil in the final, while the women's tournament saw the United States triumph over Japan."
Handball	Summer	2012	Handball	NOR	MNE	ESP	FRA	SWE	CRO				NOR	MGO	GBR	FRA	SWE	ESP	accepted	"At the 2012 Olympic Games held in London, the medal winners in the handball event were as follows:

**Men's Handball:**
- **Gold Medal:** France
- **Silver Medal:** Sweden
- **Bronze Medal:** Spain

**Women's Handball:**
- **Gold Medal:** Norway
- **Silver Medal:** Montenegro
- **Bronze Medal:** Great Britain

These teams showcased outstanding performances during the tournament."
Indoor Volleyball	Summer	2012	Indoor Volleyball	BRA	USA	JPN	RUS	BRA	ITA				USA	RUS	JPN	RUS	BRA	ITA	accepted	"At the 2012 Olympic Games in London, the medals for the Indoor Volleyball events were awarded as follows:

**Men's Indoor Volleyball:**
- **Gold Medal:** Russia
- **Silver Medal:** Brazil
- **Bronze Medal:** Italy

**Women's Indoor Volleyball:**
- **Gold Medal:** USA
- **Silver Medal:** Russia
- **Bronze Medal:** Japan

These results reflect the performances of the teams during the tournament."
Rowing	Summer	2012	Quadruple Sculls	UKR	GER	USA	GER	CRO	AUS	GER	GBR	NED							accepted	"At the 2012 Olympic Games in London, the medals for the Rowing Quadruple Sculls event were awarded to the following teams:

- **Gold Medal**: Germany
- **Silver Medal**: Great Britain
- **Bronze Medal**: Netherlands

This event featured a competitive field, with strong performances from these countries."
Archery	Summer	2012	Team	KOR	CHN	JPN	ITA	USA	KOR				KOR	USA	JPN	KOR	USA	ITA	rejected	"At the 2012 Olympic Games in London, the medals for the Archery Team event were awarded as follows:

- **Gold Medal**: South Korea (for both men's and women's team events)
- **Silver Medal**: United States (both men's and women's team events)
- **Bronze Medal**: Japan (women's team event) and Italy (men's team event)

The South Korean archery teams were particularly dominant, winning gold in both categories."
Table Tennis	Summer	2012	Team	CHN	JPN	SGP	CHN	KOR	GER	CHN	KOR	JPN							accepted	"At the 2012 Olympic Games in London, the medals in the Table Tennis Team event were awarded as follows:

- **Gold Medal:** China
- **Silver Medal:** South Korea
- **Bronze Medal:** Japan

China dominated the table tennis events, continuing their strong tradition in the sport."
Artistic Gymnastics	Summer	2012	Team All-Around	USA	RUS	ROU	CHN	JPN	GBR				USA	RUS	ROU				accepted	"At the 2012 Olympic Games in London, the medals for the Artistic Gymnastics Team All-Around event were awarded as follows:

- **Gold Medal**: United States
- **Silver Medal**: Russia
- **Bronze Medal**: Romania

The U.S. women's team victory was particularly notable as it was their first Olympic gold medal win in the team event since 1996."
Water Polo	Summer	2012	Water Polo	USA	ESP	AUS	CRO	ITA	SRB				USA	ESP	AUS	CRO	ESP	HUN	accepted	"At the 2012 Olympic Games in London, the medals for the men's and women's water polo events were awarded as follows:

**Men's Water Polo:**
- **Gold Medal:** Croatia
- **Silver Medal:** Spain
- **Bronze Medal:** Hungary

**Women's Water Polo:**
- **Gold Medal:** USA
- **Silver Medal:** Spain
- **Bronze Medal:** Australia

The women's competition saw the USA win their first gold medal in water polo at the Olympics."
Curling	Winter	2014	Curling	CAN	SWE	GBR	CAN	GBR	SWE				CAN	SWE	JPN	CAN	SWE	GBR	accepted	"At the 2014 Winter Olympics in Sochi, the medals in the curling events were awarded as follows:

### Men's Curling:
- **Gold**: Canada
- **Silver**: Sweden
- **Bronze**: Great Britain

### Women's Curling:
- **Gold**: Canada
- **Silver**: Sweden
- **Bronze**: Japan

Canada had a successful tournament, winning gold medals in both the men's and women's events."
Ice Hockey	Winter	2014	Ice Hockey	CAN	USA	SUI	CAN	SWE	FIN				USA	CAN	SUI	CAN	SWE	FIN	accepted	"At the 2014 Winter Olympics held in Sochi, Russia, the medals for the men's and women's ice hockey events were awarded as follows:

**Men's Ice Hockey:**
- Gold Medal: Canada
- Silver Medal: Sweden
- Bronze Medal: Finland

**Women's Ice Hockey:**
- Gold Medal: United States
- Silver Medal: Canada
- Bronze Medal: Switzerland

Canada won the men's tournament, while the United States secured the women's title."
Swimming	Summer	2016	4 x 100 metres Freestyle Relay	AUS	USA	CAN	USA	FRA	AUS							USA	FRA	AUS	accepted	"At the 2016 Olympic Games in Rio de Janeiro, the medals for the Men's 4 x 100 metres Freestyle Relay were awarded as follows:

- **Gold**: United States
- **Silver**: France
- **Bronze**: Australia

The U.S. team set a new Olympic record in this event."
Swimming	Summer	2016	4 x 100 metres Medley Relay	USA	AUS	DEN	USA	GBR	AUS							USA	GBR	AUS	accepted	"At the 2016 Olympic Games in Rio de Janeiro, the medals in the Men's 4 x 100 metres Medley Relay were awarded as follows:

- **Gold**: United States
- **Silver**: Great Britain
- **Bronze**: Australia

The U.S. team won the event with a strong performance, solidifying their dominance in swimming at the Olympics."
Athletics	Summer	2016	4 x 100 metres Relay	USA	JAM	GBR	JAM	JPN	CAN				USA	JAM	GBR	JAM	USA	CAN	accepted	"At the 2016 Olympic Games in Rio de Janeiro, the medals for the men's 4 x 100 metres relay were awarded as follows:

- **Gold**: Jamaica
- **Silver**: United States
- **Bronze**: Canada

In the women's 4 x 100 metres relay, the medals were awarded as follows:

- **Gold**: United States
- **Silver**: Jamaica
- **Bronze**: Great Britain

These events showcased some of the fastest sprinters in the world and were part of a highly competitive athletics schedule at the Games."
Swimming	Summer	2016	4 x 200 metres Freestyle Relay	USA	AUS	CAN	USA	GBR	JPN							USA	GBR	AUS	accepted	"At the 2016 Summer Olympics in Rio de Janeiro, the medals for the Men's 4 x 200 metres Freestyle Relay event were awarded as follows:

- **Gold**: United States
- **Silver**: Great Britain
- **Bronze**: Australia

The American team, which included swimmers like Michael Phelps and Ryan Lochte, won the event."
Athletics	Summer	2016	4 x 400 metres Relay	USA	JAM	GBR	USA	JAM	BAH	USA	BAH	BOT							accepted	"At the 2016 Olympic Games in Rio de Janeiro, the medals in the Athletics 4 x 400 metres Relay event were won by the following teams:

- **Gold Medal**: United States
- **Silver Medal**: Bahamas
- **Bronze Medal**: Botswana

These medals were awarded to the teams based on their performances in the final of the event."
Basketball	Summer	2016	Basketball	USA	ESP	SRB	USA	SRB	ESP				USA	ESP	SRB	USA	ESP	AUS	accepted	"At the 2016 Olympic Games in Rio de Janeiro, the medals for the basketball events were awarded as follows:

**Men's Basketball:**
- **Gold Medal:** USA
- **Silver Medal:** Spain
- **Bronze Medal:** Australia

**Women's Basketball:**
- **Gold Medal:** USA
- **Silver Medal:** Spain
- **Bronze Medal:** Serbia

The USA dominated both the men's and women's tournaments, securing gold in both events."
Rowing	Summer	2016	Coxed Eights	USA	GBR	ROU	GBR	GER	NED	GBR	GER	NED							accepted	"At the 2016 Olympic Games in Rio de Janeiro, the medals in the Rowing Coxed Eights event were awarded as follows:

- **Gold Medal:** Great Britain
- **Silver Medal:** Germany
- **Bronze Medal:** The Netherlands"
Field Hockey	Summer	2016	Field Hockey	GBR	NED	GER	ARG	BEL	GER				GBR	NED	GER	ARG	BEL	GER	accepted	"At the 2016 Olympic Games held in Rio de Janeiro, the medals for the Field Hockey events were awarded as follows:

**Men's Field Hockey:**
- **Gold Medal:** Argentina
- **Silver Medal:** Belgium
- **Bronze Medal:** Germany

**Women's Field Hockey:**
- **Gold Medal:** Great Britain
- **Silver Medal:** The Netherlands
- **Bronze Medal:** Germany

These results marked significant achievements for the teams involved, particularly for Argentina in the men's event and Great Britain in the women's event, as both secured their first Olympic gold medals in their respective categories."
Football	Summer	2016	Football	GER	SWE	CAN	BRA	GER	NGR				GER	SWE	CAN	BRA	GER	NGR	accepted	"At the 2016 Olympic Games held in Rio de Janeiro, the men's football event was won by Brazil, which secured the gold medal by defeating Germany in the final. The match ended in a 1-1 draw after extra time, and Brazil won 5-4 in the penalty shootout. 

For the women's football event, Germany won the gold medal by defeating Sweden 2-1 in the final.

So, the medal winners were:
- Men's Football:
  - Gold: Brazil
  - Silver: Germany
  - Bronze: Nigeria (defeated Honduras in the bronze medal match)

- Women's Football:
  - Gold: Germany
  - Silver: Sweden
  - Bronze: Canada (defeated Brazil in the bronze medal match)"
Handball	Summer	2016	Handball	RUS	FRA	NOR	DEN	FRA	GER				RUS	NOR	ESP	DEN	FRA	GER	accepted	"At the 2016 Olympic Games held in Rio de Janeiro, the results for the handball events were as follows:

**Men's Handball:**
- Gold Medal: Denmark
- Silver Medal: France
- Bronze Medal: Germany

**Women's Handball:**
- Gold Medal: Russia
- Silver Medal: Norway
- Bronze Medal: Spain

These teams performed exceptionally well in their respective tournaments to secure their medals."
Indoor Volleyball	Summer	2016	Indoor Volleyball	CHN	SRB	USA	BRA	ITA	USA				CHN	SRB	NED	BRA	ITA	USA	accepted	"At the 2016 Olympic Games held in Rio de Janeiro, the medal winners for Indoor Volleyball were:

**Men's Indoor Volleyball:**
- Gold: Brazil
- Silver: Italy
- Bronze: United States

**Women's Indoor Volleyball:**
- Gold: China
- Silver: Serbia
- Bronze: Netherlands

If you need more information or details about the matches, feel free to ask!"
Rowing	Summer	2016	Quadruple Sculls	GER	NED	POL	GER	AUS	EST	GER	NED	GBR							accepted	"At the 2016 Olympic Games in Rio de Janeiro, the medals in the Rowing Quadruple Sculls event were awarded as follows:

- **Gold Medal**: Germany
- **Silver Medal**: Netherlands
- **Bronze Medal**: Great Britain

If you need more detailed information about the event or the athletes involved, feel free to ask!"
Rugby	Summer	2016	Rugby Sevens	AUS	NZL	CAN	FIJ	GBR	RSA				AUS	NZL	CAN	FIJ	GBR	RSA	accepted	"At the 2016 Olympics in Rio de Janeiro, the Rugby Sevens event resulted in the following medal winners:

- **Gold Medal**: Fiji (Men's tournament)
- **Silver Medal**: Great Britain (Men's tournament)
- **Bronze Medal**: South Africa (Men's tournament)

For the Women's tournament:

- **Gold Medal**: Australia
- **Silver Medal**: New Zealand
- **Bronze Medal**: Canada

Fiji's victory was particularly historic, as it was the country's first-ever Olympic gold medal."
Archery	Summer	2016	Team	KOR	RUS	TPE	KOR	USA	AUS	KOR	USA	JPN	KOR			KOR			rejected	"At the 2016 Summer Olympics in Rio de Janeiro, the medals for the Archery Team event were awarded as follows:

- **Gold Medal:** South Korea
- **Silver Medal:** United States
- **Bronze Medal:** Japan

The South Korean team continued their dominance in archery by winning the gold medal in both men's and women's team events at these Olympics."
Table Tennis	Summer	2016	Team	CHN	GER	JPN	CHN	JPN	GER				CHN	GER	HKG	CHN	JPN	KOR	rejected	"At the 2016 Olympic Games in Rio de Janeiro, the results for the Table Tennis Team event were as follows:

- **Gold Medal**: China (Men's and Women's Team)
- **Silver Medal**: Japan (Men's Team) and Germany (Women's Team)
- **Bronze Medals**: South Korea (Men's Team) and Hong Kong (Women's Team)

China dominated the table tennis events, continuing their strong tradition in the sport."
Artistic Gymnastics	Summer	2016	Team All-Around	USA	RUS	CHN	JPN	RUS	CHN				USA	RUS	GBR				accepted	"At the 2016 Olympic Games in Rio de Janeiro, the medals for the Artistic Gymnastics Team All-Around event were awarded as follows:

- **Gold Medal**: United States
- **Silver Medal**: Russia
- **Bronze Medal**: Great Britain

The U.S. women's team, often referred to as the ""Final Five,"" delivered an outstanding performance to secure the gold medal."
Cycling Track	Summer	2016	Team Pursuit, 4,000 metres	GBR	USA	CAN	GBR	AUS	DEN	GBR	AUS	ITA							accepted	"At the 2016 Olympic Games in Rio de Janeiro, the medals in the Cycling Track Team Pursuit, 4,000 metres event were won by:

- **Gold Medal**: Great Britain
- **Silver Medal**: Australia
- **Bronze Medal**: Italy

Great Britain's team set a new world record during the event."
Water Polo	Summer	2016	Water Polo	USA	ITA	RUS	SRB	CRO	ITA				USA	ITA	ESP	SRB	HUN	CRO	accepted	"At the 2016 Olympic Games in Rio de Janeiro, the medals for the Water Polo event were awarded as follows:

- **Men's Water Polo:**
  - Gold Medal: Serbia
  - Silver Medal: Hungary
  - Bronze Medal: Croatia

- **Women's Water Polo:**
  - Gold Medal: USA
  - Silver Medal: Italy
  - Bronze Medal: Spain

Serbia's men's team successfully defended their title, while the USA women's team continued their dominance in the sport by winning their second consecutive Olympic gold."
Fencing	Summer	2016	Épée, Team	ROU	CHN	RUS	FRA	ITA	HUN							FRA	ITA	GER	accepted	"At the 2016 Olympic Games in Rio de Janeiro, the medals for the Men's Team Épée event were awarded as follows:

- **Gold Medal**: France
- **Silver Medal**: Italy
- **Bronze Medal**: Germany

France won the event, continuing their strong tradition in fencing."
Curling	Winter	2018	Curling	SWE	KOR	JPN	USA	SWE	SUI				SWE	KOR	JPN	SWE	CAN	SUI	accepted	"At the 2018 Winter Olympics held in Pyeongchang, South Korea, the medal winners in the curling events were as follows:

**Men's Curling:**
- **Gold Medal:** Sweden
- **Silver Medal:** Canada
- **Bronze Medal:** Switzerland

**Women's Curling:**
- **Gold Medal:** Sweden
- **Silver Medal:** South Korea
- **Bronze Medal:** Japan

Sweden had a particularly successful tournament, winning gold medals in both the men's and women's events."
Ice Hockey	Winter	2018	Ice Hockey	USA	CAN	FIN	OAR	GER	CAN	OAR	GER	CAN							accepted	"At the 2018 Winter Olympics in Pyeongchang, the medals for the Ice Hockey event were awarded as follows:

- **Gold Medal**: **Russia** (competing under the Olympic flag as ""Olympic Athletes from Russia"")
- **Silver Medal**: **Germany**
- **Bronze Medal**: **Canada**

The tournament featured a notable performance by the Russian team, which secured the gold medal in a tightly contested final against Germany."
3x3 Basketball	Summer	2020		USA	ROC	CHN	LAT	ROC	SRB				USA	ROC	CHN	FRA	LAT	USA	accepted	"At the 2020 Olympic Games, which took place in Tokyo in 2021, the medalists in the 3x3 basketball event were:

- **Men's Event**: 
  - Gold Medal: France
  - Silver Medal: Latvia
  - Bronze Medal: USA

- **Women's Event**:
  - Gold Medal: USA
  - Silver Medal: Russia (ROC)
  - Bronze Medal: China

The 3x3 basketball event was held for the first time at the Olympics during these Games."
Basketball	Summer	2020		USA	JPN	FRA	USA	FRA	AUS				USA	JPN	AUS	USA	FRA	AUS	accepted	"At the 2020 Tokyo Olympics, which took place in 2021 due to the COVID-19 pandemic, the medals in the basketball events were awarded as follows:

**Men's Basketball:**
- **Gold:** United States
- **Silver:** France
- **Bronze:** Australia

**Women's Basketball:**
- **Gold:** United States
- **Silver:** Japan
- **Bronze:** Australia

The U.S. women's team continued their dominance in the sport, while the men's team secured gold after a strong performance throughout the tournament."
Field Hockey	Summer	2020		NED	ARG	GBR	BEL	AUS	IND				NED	ARG	GBR	BEL	AUS	IND	accepted	"At the 2020 Tokyo Olympics, the medals for the Field Hockey event were awarded as follows:

**Men's Field Hockey:**
- Gold: Belgium
- Silver: Australia
- Bronze: India

**Women's Field Hockey:**
- Gold: Netherlands
- Silver: Argentina
- Bronze: Great Britain

Belgium won their first Olympic gold medal in men's field hockey, while the Netherlands continued their dominance in women's field hockey by securing their gold medal."
Football	Summer	2020		CAN	SWE	USA	BRA	ESP	MEX				CAN	SWE	USA	BRA	ESP	JPN	accepted	"At the 2020 Tokyo Olympics, which were held in 2021 due to the COVID-19 pandemic, the medal winners in the football events were:

**Men's Football:**
- Gold: Brazil
- Silver: Spain
- Bronze: Japan

**Women's Football:**
- Gold: Canada
- Silver: Sweden
- Bronze: United States

These events showcased some of the best teams in football, contributing to an exciting Olympic experience."
Handball	Summer	2020		FRA	ROC	NOR	FRA	DEN	ESP				FRA	ROC	NOR	FRA	SWE	ESP	accepted	"At the 2020 Tokyo Olympics, which took place in 2021 due to the COVID-19 pandemic, the medals in the handball events were awarded as follows:

**Men's Handball:**
- **Gold Medal:** France
- **Silver Medal:** Sweden
- **Bronze Medal:** Spain

**Women's Handball:**
- **Gold Medal:** France
- **Silver Medal:** Russia (competing as the Russian Olympic Committee)
- **Bronze Medal:** Norway

These competitions showcased some of the best teams in international handball."
Indoor Volleyball	Summer	2020		USA	BRA	SRB	FRA	ROC	ARG				USA	BRA	SRB	FRA	ROC	ARG	accepted	"At the 2020 Tokyo Olympics, which took place in 2021 due to the pandemic, the medals for indoor volleyball were awarded as follows:

**Men's Indoor Volleyball:**
- **Gold Medal:** France
- **Silver Medal:** Russia (competing as the Russian Olympic Committee)
- **Bronze Medal:** Argentina

**Women's Indoor Volleyball:**
- **Gold Medal:** United States
- **Silver Medal:** Brazil
- **Bronze Medal:** Serbia

These results highlight impressive performances from each of the medal-winning teams."
Rugby Sevens	Summer	2020		NZL	FRA	FIJ	FIJ	NZL	ARG				AUS	NZL	FIJ	FIJ	NZL	ARG	accepted	"At the 2020 Tokyo Olympics, which took place in 2021 due to the COVID-19 pandemic, the medals in the Rugby Sevens event were awarded as follows:

**Men's Rugby Sevens:**
- **Gold Medal:** Fiji
- **Silver Medal:** New Zealand
- **Bronze Medal:** Argentina

**Women's Rugby Sevens:**
- **Gold Medal:** Australia
- **Silver Medal:** New Zealand
- **Bronze Medal:** Fiji

Fiji's victory in the men's event marked their second consecutive Olympic gold in Rugby Sevens, while Australia won the women's event for the first time."
Water Polo	Summer	2020		USA	ESP	HUN	SRB	GRE	HUN				USA	ESP	AUS	HUN	ITA	ESP	accepted	"At the 2020 Tokyo Olympic Games, the medals in the men's and women's water polo events were awarded as follows:

**Men's Water Polo:**
- **Gold:** Hungary
- **Silver:** Italy
- **Bronze:** Spain

**Women's Water Polo:**
- **Gold:** USA
- **Silver:** Spain
- **Bronze:** Australia

These events showcased highly competitive matches between top water polo nations."
Swimming	Summer	2020	4 x 100m Freestyle Relay	AUS	CAN	USA	USA	ITA	AUS							ITA	AUS	USA	accepted	"At the 2020 Tokyo Olympics, held in 2021, the medals for the Men's 4 x 100m Freestyle Relay were awarded as follows:

- **Gold**: Italy
- **Silver**: Australia
- **Bronze**: United States

Italy's team won the event, securing a remarkable victory."
Swimming	Summer	2020	4 x 100m Medley Relay	AUS	USA	CAN	USA	GBR	ITA				USA	AUS	CAN	USA	GBR	AUS	accepted	"At the 2020 Tokyo Olympics, the medals for the Men's 4 x 100m Medley Relay were awarded as follows:

- **Gold Medal**: Team USA
- **Silver Medal**: Team Great Britain
- **Bronze Medal**: Team Australia

For the Women's 4 x 100m Medley Relay:

- **Gold Medal**: Team USA
- **Silver Medal**: Team Australia
- **Bronze Medal**: Team Canada

If you need more details about individual performances or other events, feel free to ask!"
Athletics	Summer	2020	4 x 100m Relay	JAM	USA	GBR	ITA	CAN	CHN				JAM	USA	GBR	ITA	GBR	JAM	accepted	"At the 2020 Tokyo Olympics, the medals for the Athletics 4 x 100m Relay event were awarded as follows:

- **Gold**: Italy (Men's team)
- **Silver**: Great Britain (Men's team)
- **Bronze**: Jamaica (Men's team)

For the women's event:

- **Gold**: Jamaica (Women's team)
- **Silver**: United States (Women's team)
- **Bronze**: Great Britain (Women's team)

These events were held in 2021 due to the COVID-19 pandemic, but they were still referred to as the 2020 Olympics."
Swimming	Summer	2020	4 x 200m Freestyle Relay	CHN	USA	AUS	GBR	ROC	AUS							USA	AUS	GBR	accepted	"At the 2020 Tokyo Olympics, the medals for the Men's 4 x 200m Freestyle Relay were awarded as follows:

- **Gold**: United States
- **Silver**: Australia
- **Bronze**: Great Britain

The event took place on July 28, 2021, as part of the Olympic Games, which were held in 2021 due to the COVID-19 pandemic."
Athletics	Summer	2020	4 x 400m Relay	USA	POL	JAM	USA	NED	BOT							USA	POL	JAM	accepted	"At the 2020 Olympic Games in Tokyo, the medals for the Athletics 4 x 400m Relay event were awarded as follows:

- **Gold**: United States (USA)
- **Silver**: Poland
- **Bronze**: Jamaica

The men's 4 x 400m relay final took place on August 6, 2021."
Rowing	Summer	2020	Eight	CAN	NZL	CHN	NZL	GER	GBR				USA	NZL	CAN	GBR	NED	GER	accepted	"At the 2020 Tokyo Olympics, the medals in the Men's Eight rowing event were awarded as follows:

- **Gold Medal**: Great Britain
- **Silver Medal**: The Netherlands
- **Bronze Medal**: Germany

In the Women's Eight event, the medals were awarded as follows:

- **Gold Medal**: United States
- **Silver Medal**: New Zealand
- **Bronze Medal**: Canada

These results were part of the rowing competitions held during the Olympics."
Fencing	Summer	2020	Epée Team	EST	KOR	ITA	JPN	ROC	KOR				FRA	JPN	ESP	FRA	ROC	KOR	accepted	"At the 2020 Tokyo Olympics, the medals for the Men’s Team Epee event were awarded as follows:

- **Gold Medal**: France
- **Silver Medal**: Russia (Russian Olympic Committee)
- **Bronze Medal**: South Korea

For the Women's Team Epee event, the results were:

- **Gold Medal**: France
- **Silver Medal**: Japan
- **Bronze Medal**: Spain

These results reflect the performances during the fencing competitions at the Tokyo 2020 Olympics, which were held in 2021 due to the pandemic."
Fencing	Summer	2020	Foil Team	ROC	FRA	ITA	FRA	ROC	USA	ITA	FRA	JPN							accepted	"In the Fencing Foil Team event at the 2020 Olympic Games, which were held in 2021, the medals were awarded as follows:

- **Gold Medal**: Italy
- **Silver Medal**: France
- **Bronze Medal**: Japan

Italy won the gold medal, continuing their strong tradition in fencing."
Rowing	Summer	2020	Four	AUS	NED	IRL	AUS	ROU	ITA							GBR	AUS	NED	accepted	"At the 2020 Tokyo Olympics, the medals in the Men's Four rowing event were awarded as follows:

- **Gold Medal**: Great Britain
- **Silver Medal**: Australia
- **Bronze Medal**: The Netherlands

If you were asking about a different category in rowing or another specific event, please let me know!"
Canoe Sprint	Summer	2020	Kayak Four 500m	HUN	BLR	POL	GER	ESP	SVK	HUN	GER	EST							accepted	"At the 2020 Tokyo Olympics, which took place in 2021, the medals for the Canoe Sprint Kayak Four (K4) 500m event were awarded as follows:

- **Gold Medal**: Hungary
- **Silver Medal**: Germany
- **Bronze Medal**: Estonia

If you need more information about the event or the teams, feel free to ask!"
Rowing	Summer	2020	Quadruple Sculls	CHN	POL	AUS	NED	GBR	AUS	NED	GBR	ITA							accepted	"At the 2020 Tokyo Olympic Games, the medals for the Rowing Quadruple Sculls event were awarded as follows:

- **Gold Medal**: Netherlands
- **Silver Medal**: Great Britain
- **Bronze Medal**: Italy

These results reflect the performances of the teams in the rowing quadruple sculls event held during the Games."
Fencing	Summer	2020	Sabre Team	ROC	FRA	KOR	KOR	ITA	HUN				ROC	FRA	ITA	HUN	ITA	KOR	accepted	"At the Tokyo 2020 Olympic Games (which took place in 2021 due to the COVID-19 pandemic), the medals in the men's team sabre fencing event were awarded as follows:

- **Gold medal**: Hungary
- **Silver medal**: Italy
- **Bronze medal**: South Korea

For the women's team sabre event, the results were:

- **Gold medal**: Russia (competing as the Russian Olympic Committee)
- **Silver medal**: France
- **Bronze medal**: Italy

These events showcased high levels of competition and strategic prowess among some of the world's best fencers."
Archery	Summer	2020	Team	KOR	ROC	GER	KOR	TPE	JPN	KOR	ROC	NED							accepted	"At the 2020 Tokyo Olympics, which took place in 2021 due to the pandemic, the medals in the Archery Team event were awarded as follows:

- **Gold Medal**: South Korea
- **Silver Medal**: Russia (ROC - Russian Olympic Committee)
- **Bronze Medal**: The Netherlands

The South Korean team continued their dominance in archery, adding to their rich history of success in the sport."
Artistic Gymnastics	Summer	2020	Team	ROC	USA	GBR	ROC	JPN	CHN	USA	ROC	GBR							accepted	"At the 2020 Olympic Games held in Tokyo in 2021, the medals for the Artistic Gymnastics Team event were awarded as follows:

- **Gold Medal**: USA (United States)
- **Silver Medal**: Russia (Russian Olympic Committee)
- **Bronze Medal**: Great Britain

The event showcased the talented gymnastic teams from these countries with the USA taking home the top honor."
Table Tennis	Summer	2020	Team	CHN	JPN	HKG	CHN	GER	JPN	CHN	JPN	GER							accepted	"At the 2020 Tokyo Olympics, the medals in the Table Tennis Team event were awarded as follows:

- **Gold Medal**: China
- **Silver Medal**: Japan
- **Bronze Medal**: Germany

The Chinese team continued their dominance in table tennis by winning the gold medal."
Cycling Track	Summer	2020	Team Pursuit	GER	GBR	USA	ITA	DEN	AUS	GBR	ITA	AUS							accepted	"At the 2020 Olympic Games, held in Tokyo in 2021, the medals in the Cycling Track Team Pursuit event were awarded as follows:

- **Gold Medal**: Great Britain
- **Silver Medal**: Italy
- **Bronze Medal**: Australia

These results reflect the performances of the teams in the event."
